30074;;"Каталог выставки «РУССКАЯ КУЛЬТУРНАЯ ЖИЗНЬ В БЕРЛИНЕ 1920-Х ГОДОВ» ";"„Berlin - Stiefmutter der russischen Städte"" - nannte sie der aus
Russland emigrierte Dichter Wladislaw Chodassewitsch. Nach der
russischen Revolution von 1917 nahm Berlin mehr als 400 Tausend Russen
auf. Fast alle bedeutenden russischen Schriftsteller des 20.
Jahrhunderts lebten vorübergehend hier oder besuchten die Stadt.
Kunstmaler, Architekten, Sänger, Schauspieler und Verleger prägten
eine facettenreiche Kultur im Bildungswesen, durch zahlreiche
russische Verlage, Buchhandlungen und Zeitungen. Der Katalog zur
Ausstellung erlaubt einen faszinierenden Blick auf diese Tradition.
Umfangreich dokumentiert wird die Politik-, Kultur- und
Wirtschaftsgeschichte anhand der Privatsammlung von Wilfried Matanovic
und Exponaten der Berliner Sagrekow-Galerie. Texte über die Siedlung
Alexandrowka in Potsdam und über den Maler Nikolai Sagrekow
(1897-1992) runden das Bild ab.";"2014. Мяг. € 23.36";6437106;Альбомы
30076;;"Воспоминания о войне";"ВОСПОМИНАНИЯ О ВОЙНЕ - это не
ура-патриотическое произведение, а
жесткая правда об окопном быте и
абсурде войны. Книга Николая Никулина,
прошедшего войну простым солдатом, не
умаляет, а напротив, возвышает и
делает более ценной нашу Победу.
Победу не маршалов и генералов, а
простых бойцов.";"2014. Твё. € 12.06";6437108;Воспоминания
30079;;"Докиевская Русь";"Одна из последних книг убитого в Киеве
писателя и публициста Олеся Бузины.
Книга о тайне происхождения Руси -
страны, государства, нации. В его
концепции Русь - земля Одина, бога
древних скандинавов, потомками
которого считали себя Рюриковичи. То
есть автор вторгается в бесконечный
исторический спор о так называемой
норманнской теории. Делает это храбро,
но без фанатизма. Он готов привести
любые факты, выслушать любые доводы,
хотя они зачастую и противоречат друг
другу, потому что исходит из
убеждения, что жизнь всё равно шире и
многообразнее любой теории.";"Твё. € 16.73";6437111;История
30080;;"Щусев. Зодчий всея Руси ";"Как только не называли Алексея Щусева
при жизни - поэтом, философом,
артистом, а он был, прежде всего,
талантливым зодчим. Потомственный
казак, дворянин, золотой медалист
Академии художеств, архитектор
Святейшего синода, кавалер царских
орденов и лауреат Сталинских премий,
автор трех десятков храмов, Мавзолея
Ленина, Марфо-Мариинской обители,
гостиницы ""Москва"", Казанского
вокзала, станции метро
""Комсомольская-кольцевая"" - все это
Щусев, охарактеризовавший свой
творческий путь как ""борьбу за
воплощение собственных идей"".
Серия:Жизнь замечательных людей.
Малая серия.";"Твё. € 13.93";6437112;Биографии
30081;;Фитин;"Книга рассказывает о яркой и
удивительной судьбе генерал -
лейтенанта Павла Михайловича Фитина,
начальника советской внешней
разведки в 1939-1946 годах. В то время
нашим разведчикам удалось выяснить
дату нападения гитлеровской Германии
на СССР, планы основных операций и
направление главных ударов вермахта,
завладеть секретами ядерного оружия,
установить рабочие контакты с
западными спецслужбами, обеспечить
встречи руководителей стран
антигитлеровской коалиции и пресечь
сепаратные переговоры наших
англо-американских союзников с
представителями Германии. При Фитине
были заложены те славные традиции,
которые сегодня успешно продолжаются
в деятельности СВР России. В книге,
основанной на документальных
материалах - некоторые из них
публикуются впервые, - открываются
многие секреты тогдашнего высшего
руководства страны, внешней политики
и спецслужб, а также разоблачаются
некоторые широко распространённые
легенды и устоявшиеся
заблуждения.Серия: Жизнь
замечательных людей.";"Твё. € 16.73";6437113;Биографии
30083;;"Анатомия человека. Фотографический атлас. В 3 томах. Том 1. Опорно-двигательный аппарат. Учебное пособие";"В предлагаемом атласе представлены не
красочные схемы и рисунки строения
тела человека, в основном далекие от
действительности, а фотографии
натуральных анатомических
препаратов, демонстрирующие истинные
структуры человеческого тела. Это
наглядное пособие предназначено для
создания реального представления о
строении тела человека.";"2014. Твё. € 88.79";6437114;"Справочники и Энциклопедии"
30084;;"Анатомия человека. Фотографический атлас. В 3 т. Т. 2 Сердечно-сосудистая система . Лимфатическая  система";"В предлагаемом атласе не красочные
схемы и рисунки строения тела
человека, в основном далекие от
действительности, а фотографии
натуральных анатомических
препаратов, демонстрирующие истинные
структуры человеческого тела. Это
учебное пособие призвано наглядно
показать пользователям реальное
строение тела человека.";"2014. Твё. € 88.79";6437115;"Справочники и Энциклопедии"
30085;;"Воскрешение Малороссии";"""_Воскрешение Малороссии_"" - пятая
книга Олеся Бузины. Она написана под
воздействием статьи Николая Гоголя
""Взгляд на составление Малороссии"",
опубликованной в 1832 году. Гоголевская
концепция легла в основу
документального повествования
писателя XXI века о забытой стране,
ставшей матерью Российской империи
и... современной Украины.
";"2015. Твё. € 16.73";6437116;История
30086;;"Утешение историей ";"«Утешение историей» -- восьмая книга
Олеся Бузины. Автор видит ее цель в
том, чтобы погасить страсти и
поддержать дух читателя в тяжелые
нынешние времена.";"2015. Твё. € 16.73";6437117;История
30087;;"Как я свалила из Германии обратно в Россию ";"Еще не так давно многие из нас были
очарованы заграницей, где молочные
реки текут в кисельных берегах, где
люди добры друг другу и все улыбаются,
где царит достаток и магазинные полки
ломятся от доступных по цене
деликатесов. Так думала главная
героиня этой книги - питерская
журналистка Анна. В ""лихие 90-е"" она
отправляется в благополучную
Германию. Ей казалось, что исполнились
самые заветные ее мечты, и блестящее
будущее ей обеспечено... Но
оказывается она в подпольном
борделе... Героине предстоит увидеть
своими глазами все самые темные
стороны ""западной демократии""! Книга
основана на реальных событиях.";"2015. Твё. € 9.25";6437118;Воспоминания
30088;;"Возвращение Будды. Эвелина и ее друзья. Великий музыкант";"Гайто (Георгий Иванович) Газданов --
русский писатель, литературный
критик. Родился в 1903 году в Петербурге.
Во время Гражданской войны воевал в
составе Добровольческой армии, в 1920
году эмигрировал за границу, учился в
Сорбонне. Его первый и самый
популярный роман ""Вечер у Клэр"" был
опубликован в 1929 году в Париже. 
 Еще совсем недавно имя Гайто
Газданова было мало знакомо русскому
читателю. На родине, в России, его
произведения стали издавать только в
90-е годы XX века. Сегодня можно говорить
о том, что это один из самых ярких,
одаренных и незаслуженно забытых
писателей русской зарубежной
литературы.";"2015. Твё. € 13.93";6437119;"Русская литература"
30091;;"Человек с острова Льюис";"Уже полюбившийся читателям герой
криминального триллера ""Скала"",
детектив Дин Маклауд, возвращается к
себе на родину - Остров Льюис. Он
уволился из полиции и его
единственная цель - забыть прошлое:
гибель маленького сына и развод с
женой. Он начинает готовиться к
восстановлению дома своих давно
умерших родителей. Но планы
откладываются. В трясине торфяного
болота найден неопознанный труп с
перерезанным горлом и следами пыток.";"2015. Твё. € 12.99";6437120;Детективы
30092;;"Иосиф Бродский.  Апофеоз одиночества";"Владимир Соловьев близко знал Иосифа
Бродского с ленинградских времен.
Этот том - итог полувековой
мемуарно-исследовательской работы,
когда автором были написаны десятки
статей, эссе и книг о Бродском, -
выявляет пронзительно-болевой
камертон его жизни и судьбы. Не триумф,
а трагедия, которая достигла крещендо
в поэзии. Эта юбилейно-антиюбилейная
книга - к 75-летию великого
трагического поэта на шей эпохи - дает
исчерпывающий портрет Бродского и
одновременно ключ к загадкам и тайнам
его творчества.";"2015. Твё. € 18.60";6437121;Воспоминания
30093;;"А завтра что?";"Рафаэль - Мигель Рафаэль Мартос
Санчес. Испанский певец и киноактер.
Это имя приобрело у нас известность
после выхода на экраны СССР в 1970 году
музыкального фильма ""Пусть говорят"", в
котором он сыграл главную роль.
Прекрасный голос, непривычная для
нашего слушателя экспрессивная,
подкупающая своей искренностью
манера исполнения, привлекательная
внешность - все это стало тогда
причиной необычайной популярности
певца в нашей стране.";"2014. Твё. € 32.71";6437122;Воспоминания
30094;;"Завещание мятежного Аввакума ";"Лето 1879 года. На знаменитую
Нижегородскую ярмарку со всех концов
Российской Империи съезжаются не
только купцы и промышленники, но и
преступники всех мастей - богатейшая
ярмарка как магнит притягивает
аферистов, воров, убийц... Уже за день
до ее открытия обнаружен первый труп.
В каблуке неизвестного найдена
страница из драгоценной рукописи
протопопа Аввакума, за которой
охотятся и раскольники, и грабители из
шайки Оси Душегуба. На розыск
преступников брошены лучшие силы
полиции, но дело оказывается
невероятно сложным, раскрыть его не
удается, а жестокие убийства
продолжаются...";"2015. Твё. € 9.25";6437123;Детективы
30095;;"Шествовать. Прихватить рог";"Дорога присутствует едва ли не в
каждом повествовании
екатеринбургской писательницы,
лауреата литературных премий, Юлии
Кокошко, чьи персонажи куда-то идут,
шествуют, бредут, спешат. Неровности
дороги и неровный ход времени - вот
сквозные темы творчества тонкого
стилиста, мастера метафоры, умеющего
превратить прозу в высокую поэзию, - и
наполнить гротеском, и заметить
эфемерные, но не случайные образы
быстротекущей жизни.";"2008. Твё. € 14.86";6437124;"Художественная литература"
30096;;"Руны. Техники магического влияния";"Перед вами очень древнее Знание!
Знание древней цивилизации, известной
нам по невероятным путешествиям
викингов, по вошедшим в легенды
бесстрашию берсеркеров, по
завоевателям и правителям,
оказывающим влияние на весь мир! 
 Эти знания в виде разных ""отражений"",
обрядов и ритуалов распространились
по миру.";"Твё. € 15.79";6437125;Эзотерика
30097;;"Свидание в аду";"Мориса Дрюона читающая публика знает
прежде всего по саге ""Проклятые
короли"", открывшей мрачные тайны
Cредневековья, и роману-трилогии
""Конец людей"", рассказывающей о
закулисье современного общества, о
закате династии финансистов и
промышленников. Эта трилогия наиболее
значительное произведение Дрюона,
лауреата Гонкуровской премии. 
 Третий роман цикла называется
""Свидание в аду"". О богатстве и
могуществе семьи Шудлер и де ла
Моннери напоминают лишь громкие
титулы и стосковавшийся по ремонту
родовой замок. В наследство Мари Анж и
Жан Ноэлю достались не завещанные
миллионы, а бремя дряхлеющего клана,
бесхарактерность и малодушие. Как
выдержать ад общения с любящими
людьми? К тому же, по замечанию одного
из героев романа, ""каждый таит в себе
свой собственный ад""…";"2015. Твё. € 13.93";6437126;"Зарубежная литература"
30098;;"Еврейские хроники XVII столетия. Эпоха ""хмельничины""";"""Хроники"", издаваемые на русском языке
в полном объеме, были подготовлены к
печати еще в середине 1930-х гг.
выдающимся историком С.Я.Боровым, но
не пропущены советской цензурой в
достопамятном 1937 году. 
 Основной корпус книги содержит
наиболее яркие свидетельства
современников и очевидцев
""хмельничины"" - страшного разгрома
большей части еврейских общин
Восточной Европы в 1648-1649 гг. Хроники
Натана Ганновера ""Пучина бездонная"",
Мейера из Щебржешина ""Тяготы времен"" и
Саббатая Гакогена ""Послание"" были уже
через два-три года после описываемых
событий опубликованы и впоследствии
многократно переиздавались, став не
только важнейшим историческим
источником, но и страстным призывом к
тшуве - покаянию и нравственному
возрождению народа. Подобное
восприятие и осознание трагедии эпохи
стали основой духовного
восстановления нации.";"2015. Твё. € 18.60";6437127;История
30099;;"Сукины дети ";"Леонид Филатов обладал уникальным
универсальным талантом. Актер,
режиссер, поэт, писатель. Одна из
скандальных историй, когда-либо
происходивших в театре нашла свое
отражение в повести СУКИНЫ ДЕТИ.
Отчаяние и предательство, подлость и
благородство... Основано на реальных
событиях.";"2014. Твё. € 11.12";6437128;"Русская литература"
30100;;"Смертельный эксперимент";"Донован Крид - бывший агент ЦРУ,
охотник на террористов, а ныне -
высококлассный наемный убийца. Это
человек со стальными нервами. Он
безжалостен и действует строго в
рамках контракта. До тех пор, пока не
задето за живое его обостренное
чувство справедливости…
 Таинственный заказчик Крида по имени
Виктор задумал жуткий эксперимент. Он
предлагает сильно нуждающимся в
деньгах людям взять безвозвратный
кредит. С одним лишь условием: если они
возьмут эти деньги, в ту же минуту люди
Виктора убьют человека - преступника,
избежавшего законного наказания.
Многие, зная об этом, все же
соглашаются взять деньги. При этом они
не подозревают, что тут же становятся
кандидатами на следующую ликвидацию,
и что мифические ""преступники"" - это
они сами. А ликвидировать их должен
именно Донован Крид, которому
чертовски не нравится убивать
невинных людей…";"2015. Твё. € 11.12";6437129;Детективы
30101;;"Это Вам для брошюры, господин Бахманн!";"Новое яркое и актуальное произведение
от непревзойденного шведского
мастера слова - Карла-Йоганна
Вальгрена. Книга, задуманная и
написанная автором как шутка, имеющая
глубокий философский подтекст.
 Молодой шведский писатель, не
признанный в своей стране, эмигрирует
в Германию. Тут он получает письмо от
литературного чиновника с
предложением написать брошюру о
литературном климате его отечества.
Писатель отвечает на письмо. И вскоре
оправданная и справедливая обида на
шведских критиков переходит в
неоправданную и несправедливую
ненависть ко всей стране. Герой
начинает подозревать, что весь мир
состоит в заговоре против него….
 Перед нами памфлет - ядовитый, смешной
и грустный, где даже пародийные
моменты содержат много отнюдь не
пародийной правды.";"2015. Твё. € 11.12";6437130;"Зарубежная литература"
30102;;"История русского балета";"В книге дана история становления и
развития русского балетного
искусства от его истоков до 1917 г.
Показана борьба передовых деятелей за
прогрессивную направленность,
самобытность и реализм русского
балета, его связь с хореографическими
культурами других стран. Рассказано о
наиболее значительных балетных
спектаклях, о творчестве
замечательных русских мастеров
балета.";"2009. Твё. € 25.23";6437131;Искусство
30103;;"Вкратце жизнь";"Центральное место в книге мемуаров
Евгения Бунимовича занимают
воспоминания о знаменитой 2-й
физико-математической школе, слава о
которой гремела по Москве. Большой
интерес должен также вызвать рассказ
об отечественной андеграундной
поэзии 70-80-х годов.";"2015. Твё. € 14.86";6437132;Воспоминания
30104;;"Переписка Сталина с Рузвельтом и Черчиллем в годы Великой Отечественной войны. В 2-х т.";"Переписка лидеров ведущих стран
антигитлеровской коалиции - Сталина,
Рузвельта и Черчилля - уникальна: во
всей истории дипломатии не найти ей
аналога ни по значению, ни по формату,
ни по калибру и исторической роли
самих корреспондентов. Однако до
самого последнего времени читатель
мог ознакомиться только с самими
письмами и телеграммами лидеров
""большой тройки"", лишенными как
""исторического фона"", так и научного
комментария.";"2015. Твё. € 37.29";6437133;История
30105;;"Немного не в фокусе... Стихи 1921-1983";" Нина Берберова - автор знаменитых
мемуаров ""Курсив мой"" - выступает в
этом сборнике в новой роли - в роли
поэта. Ее стихи, впервые публикующиеся
на родине, - полная противоположность
мемуарам. Это лирический дневник не
""ума холодных наблюдений"", а ""сердца
горестных замет"", охватывающий более
шестидесяти лет сложной, богатой и
поистине легендарной жизни. 
 А жизнь состояла из странствий: побег
из России, Германия, Италия, Франция,
после Второй мировой войны - Америка…
Иллюстрации в книге стихов - это кадры
хроники ХХ века, увиденного будто из
окна мчащегося поезда, ""немного не в
фокусе"", как и сама поэзия Берберовой -
""за рамками любых представлений о
себе"".";"2015. Мяг. € 9.25";6437134;Поэзия
30106;;"Метро 2035";"Третья мировая стерла человечество с
лица Земли. Планета опустела.
Мегаполисы обращены в прах и пепел.
Железные дороги ржавеют. Спутники
одиноко болтаются на орбите. Радио
молчит на всех частотах. Выжили только
те, кто, услышав сирены тревоги, успел
добежать до дверей московского метро.
Там, на глубине в десятки метров, на
станциях и в туннелях, люди пытаются
переждать конец света.";"2015. Твё. € 16.73";6437135;Фантастика
30107;;"Кровь на снегу";"Олав живет один. Потому что наемному
убийце лучше не иметь привязанностей.
Но однажды Олав встречает женщину
своей мечты. Однако есть две проблемы.
Она замужем за его боссом. И Олава
наняли ее убить.";"2015. Твё. € 11.12";6437136;Детективы
30108;;"Не доверяй мне секреты ";"Говорят, что у каждого свои секреты. У
Грейс тоже есть секрет, его зовут Роза,
и ей было девять лет, когда она утонула
в реке. Долгие годы Грейс мучило
сознание, что она стала невольной
виновницей этого несчастья. Однако ее
тайна так и не выплыла на поверхность.
С тех пор много воды утекло. Грейс
живет с любимым мужем и дочерьми в
тихой шотландской деревне и вполне
довольна жизнью. Но неожиданно
телефонный звонок от старой школьной
подруги нарушает идиллию.";"2015. Твё. € 11.12";6437137;Детективы
30109;;"Собрание сочинений. Том 4";"В четвертый том собрания сочинений
А.С.Пушкина вошли письма, размещенные
в хронологическом порядке с 1825 по 1826
гг.";"2013. Твё. € 18.60";6437138;"Собрания сочинений"
30110;;"Справа налево";"Новая книга эссе Александра
Иличевского ""Справа налево"" - о вкусах
и запахах чужих стран (Армения и
Латинская Америка, Каталония и США,
Израиль и Германия), о литературе
(Толстой и Достоевский, Платонов и
Кафка, Бабель и Чехов), о музыке (от
Моцарта и Марии Юдиной до Rolling Stones и Led
Zeppelin), обо всём увиденном, услышанном,
подмеченном - о том, что отпечаталось в
""шестом чувстве"" - памяти...";"2015. Твё. € 13.93";6437139;"Русская литература"
30111;;"Евангелие от Сатаны";"Специальный агент ФБР Мария Паркс,
специалист психологических портретов
преступников, не имеет себе равных в
выслеживании серийных убийц. Мария
обладает даром медиума, каждую ночь
она видит во сне убийства, точно
передачи в прямом эфире, лишенная
возможности предотвратить ужасное
действо. Благодаря своему дару она уже
выследила нескольких душегубов. На
этот раз пропала помощница шерифа
Рейчел, которая занималась
расследованием исчезновения четырех
молодых женщин.";"2015. Твё. € 13.93";6437140;Детективы
30112;;"Собрание сочинений. Том 5";"В пятый том собрания сочинений
А.С.Пушкина вошли произведения,
размещенные в хронологическом
порядке с 1826 по 1827 гг.";"2015. Твё. € 18.60";6437141;"Собрания сочинений"
30113;;"Вечный запах флоксов";" Сборник рассказов и повестей ""Вечный
запах флоксов"" - книга о счастье.
Счастье, которое не нужно ждать как
чудо, которое случится когда-то потом.
О счастье, которое рядом: в радостном
утре, в солнечных лучах, в звонком
смехе ребенка, в разгадывании
кроссворда вместе с любимым.";"2015. Твё. € 8.32";6437142;"Русская литература"
30114;;"Венецианский аспид";"Вы соскучились по шуту Карману - герою
романа Мура ""Дурак""? А может, вы и вовсе
пока не знакомы? Пришло время вновь
встретиться или познакомиться - кому
как. Итак, Венеция. Сюда Корделия
посылает Кармана, дабы тот
предотвратил очередной крестовый
поход, который затевается интриганом
Монтрезором Брабанцио, сенатором, и
его подельниками - купцом Антонио и
солдатом Яго. 
 Здесь Карману предстоит
познакомиться с Отелло,
поспособствовать его счастливой
свадьбе с Дездемоной, попасть в
рабство к ростовщику Шайлоку. Карману
то и дело угрожает опасность, но дурак
вовсе не дурак - он хитроумно избегает
расставленных ловушек и даже со
страшным венецианским аспидом он на
дружеской ноге. Следить за его
приключениями необычайно интересно и
увлекательно. А иначе и быть не может -
ведь все это придумал Мур…";"2015. Твё. € 9.25";6437143;"Зарубежная литература"
30115;;"Майя Плисецкая. Адская игра. Музыкальная любовь";"Перед вами биография Майи Плисецкой,
женщины удивительной, неповторимой
судьбы, ставшей одним из символов XX
века. Символом смелости, стойкости и
стремления к свободе. Она проявила
себя как блестящая танцовщица -
исполнительница классических партий,
затем - одной из первых в Советском
Союзе стала танцевать балеты модерн,
снималась в кино, работала моделью и
даже манекенщицей.";"2015. Мяг. € 7.38";6437144;Биографии
30116;;"Пять дней ";"Глубокая динамичная история,
способная вызвать слезы на глазах и
заставляющая задуматься о выборе,
который делает в жизни каждый. 
 Лаура - рентгенолог в небольшой
больнице на побережье штата Мэн. На
работе она добилась блестящих
результатов, а вот в семье... Ее
двадцатилетний брак давно идет ко дну.
Однажды она едет на конференцию в
Бостон и знакомится там с Ричардом
Коулманом, страховым агентом.
Неожиданно для себя Лаура понимает,
что ей очень нравится этот подвижный и
удивительно начитанный человек. Два
одиноких сердца встречаются в чужом
городе... Два отчаявшихся человека
соединяются, но страшатся
последствий... ""Пять дней"" - это
великолепный роман о многочисленных
противоречиях человеческого сердца и
о том, что каждый наш поступок в итоге
имеет значение.";"2015. Твё. € 13.93";6437145;"Зарубежная литература"
30117;;"Трилогия зла. Во тьме";"В Нью-Йорке при странных
обстоятельствах пропадают десятки
людей. Они выходят из дома по
обыденным делам, чтобы больше никогда
не вернуться обратно. У полиции нет ни
малейшей зацепки, пока в городском
саду не обнаруживают одну из жертв
похитителя - раздетой и
оскальпированной, но живой… Молодой
бруклинский детектив, Аннабель
О'Доннел, начинает расследование. Ей
помогает Джошуа Бролен, специалист по
серийным убийцам. Им придется очень
постараться, чтобы выяснить личность
злодея-похитителя…если он
действительно работает в одиночку.";"2015. Твё. € 13.93";6437146;Детективы
30118;;"Душа зла";"Серийный убийца держит в страхе весь
город. Он похищает и убивает молодых
женщин. К счастью, стажеру полиции
удается его остановить и
предотвратить очередное
преступление. Однако спустя год в
городе снова находят трупы. Почерк
убийцы не изменился. Как такое
возможно? Неужели за дело взялся
призрак? Или это сумасшедший
подражатель?";"2015. Твё. € 13.93";6437147;Детективы
30119;;"День рождения мертвецов";"Двенадцать лет назад в Олдкасле
накануне своего тринадцатилетия
пропала девочка. Через год, в день
рождения дочери, родители получили
""открытку"": неизвестный
сфотографировал их дочь в темном
подвале. Девочку привязали к стулу, ее
рот залеплен скотчем, а в глазах -
смертельный ужас. Ровно год спустя -
еще один снимок, где на теле жертвы уже
видны ожоги и порезы. И так - каждый
год, пока родители не понимают, что
девочка давно мертва.";"2015. Твё. € 13.08";6437148;Детективы
30120;;"Билет в ад";"Она уже привыкла к постоянным побоям.
Но когда однажды он попытался
расправиться с ее сыном - она его
убила. Теперь главное - исчезнуть,
исчезнуть бесследно, так, чтобы их
никто не нашел. Нужно убежать и от
своего прошлого, и от тех, кто пытается
рассчитаться с ней за долги мужа, и от
тех, кто знает всю правду о ее ребенке.
Главное - нужно спасти сына, мальчика,
который наделен способностью видеть
будущее. Но как?";"2015. Твё. € 13.93";6437149;Детективы
30121;;Возвращение;"Солнечным летним днем из тюрьмы
выходит человек, который провел там
большую часть своей жизни. Теперь
можно сесть на автобус и вернуться
домой, где все уже всё забыли и
простили. Вот только было ли что
прощать?.. 
 Год спустя инспектор Ван Вейтерен
начинает расследование дела,
связанного со страшной находкой в
лесу. Все нити ведут в далекое прошлое,
когда в маленькой шведской деревне
кипели шекспировские страсти. Ради
того, чтобы восстановить
справедливость, инспектору придется
пойти на многое и постоянно помнить о
том, что зло многолико и
изобретательно.";"2015. Твё. € 13.93";6437150;Детективы
30122;;Санкта-Психо;"В закрытой и отгороженной от мира
психиатрической клинике содержатся
особо опасные
преступники-сумасшедшие. А рядом, в
детском саду ""Полянка"", - их дети,
которые участвуют в
экспериментальном лечении. Из месяца
в месяц молодой воспитатель Ян Хаугер
по подземному ходу водит детей на
свидание к родителям. А по ночам во
тьме этих длинных коридоров оживает
нечто ужасающее: призраки прошлого
становятся реальностью.";"2015. Твё. € 13.93";6437151;Детективы
30124;;"Мертвая зыбь";"Однажды на уединенный остров Эланд
опустился очень густой туман, что
случалось нечасто - всего несколько
раз в год. И именно в этот день
маленький мальчик, Йенс Давидссон,
вышел из дома дедушки погулять и
потерялся. В белом, как молоко, тумане
он встретил человека в темном пальто,
который представился как Нильс Кант.
Он взял мальчика за руку и пообещал
отвести его домой. С тех пор Йенса
больше никто не видел";"2015. Твё. € 13.93";6437153;Детективы
30126;;"Точка Боркманна";"Если бы кто-то спросил инспектора Ван
Вейтерена, он рассказал бы, что
убийство в небольшом городке раскрыть
гораздо сложнее, чем в мегаполисе...
Казалось бы куда проще - несколько
жертв, одно орудие преступления… и
никаких зацепок. Присланный на помощь
местной полиции, инспектор должен не
только расследовать совершенные
убийства, но и предотвратить новые
трагедии.";"2015. Твё. € 13.93";6437155;Детективы
30127;;Бункер;"В основе романа ""Бункер"" история
похищения Моники неизвестным
мужчиной, который отвозит ее в лес на
заброшенную мельницу. Она не понимает,
что он от нее хочет, кто он такой и как
ей оттуда выбраться. Параллельно
героиня вспоминает свое мрачное
прошлое и начинает подозревать, что ее
похититель явился именно из прошлого.";"2015. Твё. € 11.12";6437156;Детективы
30128;;"Франк Эйнштейн и живые роботы";"Франк Эйнштейн -- гениальный
ребенок-изобретатель. Клинк -- робот,
который собрал себя сам. Кланк -- робот,
который собрал себя почти сам. Втроем
они создают двигатель на основе
антиматерии.
 Победа на Мидвильском конкурсе
изобретателей уже у них в кармане... но
тут на сцену выходит Томас Эдисон --
одноклассник Франка и его заклятый
враг...";"2015. Твё. € 11.12";6437157;"Детская литература"
30129;;"Почему все дуры такие женщины";"В этой книге мы вместе со
специалистами попытались изучить
роли Раневской с точки зрения
психологии. И выяснилось, что
существует всего пять основных типов
женщин в зависимости от их характера и
поведения: мать, хищница, украшение,
друг и деловая. Но у Фаины Григорьевны
таких типов -- десятки! А, значит, любая
женщина может увидеть в Раневской
саму себя. И попробовать измениться.
Или, может быть, просто стать немного
лучше.";"2015. Твё. € 11.12";6437158;Юмор
30130;;"Собрание сочинений в 13 томах. Том 13. Рассказы циника ";"В настоящий том вошли последние книги
писателя, в том числе ""Смешное в
страшном"", ""Отдых на крапиве"", роман
""Шутка Мецената"". Впервые публикуются
материалы из пражской газеты ""Prager Presse"".";"2015. Твё. € 18.60";6437159;"Собрания сочинений"
30131;;"Ехай ";"В новую книгу российского драматурга
и прозаика Нины Садур вошли как ее
известные и переводившиеся на
множество языков пьесы, так и новые
произведения (пьесы ""Летчик"", ""Фалалей"",
повесть ""Мальчик в черном плаще"" и др.).";"2015. Мяг. € 16.73";6437160;"Русская литература"
30132;;"""Секреты"" еврейского обогащения";"Один из величайших еврейских мудрецов
последних поколений, Хазон Иш, в книге
""Вера и упование"" пишет: ""Подобно тому,
как невозможно соблюдать субботу, не
зная ее законы, невозможно соблюдать
кашрут без знания соответствующих
алахот, так невозможно оберегаться от
воровства и грабежа без изучения
законов о взаимоотношениях между
людьми. Одно из важнейших достоинств
человека - любовь к справедливости и
соблюдение законов о
взаимоотношениях между людьми. Ведь
что такое воровство и грабеж,
определяется не субъективно, а
законами Торы. Все, что противоречит
закону, это воровство, даже если на
эмоциональном уровне человеку так не
кажется"".";"2015. Твё. € 16.73";6437161;Иудаика
30133;;"Кенааниты. Евреи в средневековом славянском мире";"В сборнике собраны последние
исследования практически всех
серьезных исследователей,
занимающихся историей
евреев-кенаанитов в славянских
странах в эпоху Средневековья. Хотя
эта историческая тематика
обсуждается в профессиональной
литературе уже более 150 лет, источники
по истории кенаанитов более чем
скудны. Предлагаемый вниманию
читателей сборник является по
существу первой книгой, полностью
посвященной этой теме.";"2014. Твё. € 25.23";6437162;История
30134;;"Cтихи с горчицей";"Вадим Левин - детский поэт, педагог,
такой разный, легкий и
непредсказуемый: то озорной
мальчишка, то мудрый созерцатель, то
задушевный рассказчик баллад. Пять
цветных тетрадей со сказочной поэзией
Вадима Левина для всех - от мала до
велика. 
 Вадим Александрович Левин родился в
1933 году в Харькове, окончил
Харьковский политехнический
институт, а затем филфак Харьковского
университета. И еще стал кандидатом
психологических наук. И был соавтором
""Букваря"", который выдержал уже 19
изданий. Двадцать лет он вел в родном
городе детскую литературную студию и -
одновременно - был ведущим
телепередачи ""С утра пораньше"" (бывший
""Будильник""). А еще Вадим Александрович
составил хрестоматии по чтению для
русских детей, живущих за границей. И
выпустил не одну книгу стихов. 
 Первая и самая известная книга стихов
Вадима Левина, ""Глупая лошадь"" вышла
еще в 1969 году в Новосибирске. Но ее
по-прежнему издают и с удовольствием
читают дети и взрослые. А в новой книге
""Поэтической серии"" издательства
""Самокат"" поклонники Вадима
Александровича найдут новые стихи.
 Предисловие к сборнику написала поэт
и переводчик Дина Крупская.
 Иллюстрации в ""Поэтической серии""
""Самоката"" всегда особенные. И делать
их непросто. Ведь задача художника - не
только проиллюстрировать стихи, но и
выдержать стиль серии: особый,
удлиненный и узкий формат,
использование только двух цветов на
странице (в том числе и черный). В этот
раз с ней отлично справилась Анна
Романова, которая уже иллюстрировала
в издательстве повесть Вадима Шефнера
""Сестра печали"" (серия ""Как это было"") и
""Дом в сто этажей Сергея Вольфа (серия
""Родная речь"").";"2015. Твё. € 9.25";6437163;"Детская литература"
30135;;"Главный подозреваемый ";"Новое дело Майрона Болитара -
спортивного агента и известного
детектива-любителя!
 Отпуск на тропическом острове
неожиданно прерывается - Болитару
сообщают очень плохие новости…
 Его клиент, бейсболист Клу Хейд, убит,
а подозревается в убийстве Эсперанса
Диас, которая уже много лет работает в
агентстве Болитара.";"2015. Твё. € 11.12";6437164;Детективы
30136;;" Китайский императорский массаж. Лечение 100 болезней с помощью банок. Большой атлас зон исцеления";"Сегодня клиническими исследованиями
уже доказано, что массаж с помощью
банок позволяет помочь в излечении
множества болезней. Медицинские банки
позволяют создать целительный синяк в
активной точке, изменяющий состав
крови и артериальное давление,
запуская выработку специальных
нейромедиаторов, в результате чего
резко повышается сопротивляемость
организма болезни. Поставьте
правильный синяк в биологически
активной зоне, и он начнет работу на
оздоровление! 
 Традиционные русские банки в
сочетании с китайской практикой
лечения по энергетическим каналам -
это оздоровление и постоянная
поддержка организма в хорошей форме.
Из этой книги вы узнаете о разных
видах банок, найдете атласы
оздоровительных зон и необходимые
пояснения к ним - все, что вам
потребуется для крепкого здоровья!";"2015. Твё. € 8.32";6437165;Здоровье
30137;;"Я тебя никому не отдам";"""Любовь к мертвецу делает и тебя
мертвым…"" - сказал наставник Тане. Она,
тайный агент отряда специального
назначения, не хуже учителя знала, что
сочувствовать жертве нельзя.
Влюбившийся в жертву сам становится
жертвой. Любовь совершенно не входила
в Танины планы. Но Сергей Субботин
оказался не только ее жертвой, но и
других. Своего возлюбленного Таня
готова защищать ценою собственной
жизни.";"2015. Твё. € 9.25";6437166;"Русская литература"
30138;;"Аполлон на миллион";"Что может быть для женщины важнее
свадьбы - тем более, если она не в
первый раз выходит замуж! Дарья
Васильева отправляется в агентство
""Стрела Амура"", чтобы обсудить меню
торжественного ужина. Но почему при
виде спутника невесты, полковника
Дегтярева, владелица фирмы чуть
падает не в обморок? 
 Оказывается, тот вел дело об убийстве
ее дочки и бывшего мужа и пропаже
миллиона долларов и не нашел
преступников. Что ж, их найдет Даша!
Окунувшись в расследование, она, как
заклинание, повторяет ключевые слова
в той давней истории: девяносто
четвертый год, армия, лебедь. С датой, в
принципе, понятно - что-то знаковое
тогда произошло. Но при чем тут
военные и птица? И как грабежи
обменников с убийством кассирш
связаны с добропорядочной семьей
Ермаковых? А еще, кстати, очень
интересно, куда все-таки пропал
миллион долларов?..";"2015. Твё. € 8.32";6437167;Детективы
30139;;"Необыкновенная жизнь Гесара, царя Линга";"В книге содержится жизнеописание царя
Гесара из Линга, героя эпоса, широко
известного не только в Тибете, но и во
всей Центральной Азии и
представляющего собой идеал
пробуждённого воина - принцип
всепобеждающей уверенности и
бесстрашия. Материал для данной книги
был собран и записан авторами в Тибете
в начале XIX века, после чего переведён
на французский и английский языки и
впервые издан на Западе в 1931 году.";"2015. Твё. € 16.73";6437168;Эзотерика
30140;;Бодлер;"В настоящем издании впервые собраны
все тексты Вальтера Беньямина о Шарле
Бодлере - ключевом персонаже в
творчестве немецкого мыслителя.
Бодлер для Беньямина - главный герой
театра ""модерна"", сквозь фигуру
которого, как сквозь призму,
просвечивает сеть беньяминовских
понятий-метафор, раскрывающих
особенности культуры XIX века: фланер,
аллегория, сплин, богема, проститутка,
буржуа, мода, толпа и т.д.";"2015. Мяг. € 11.12";6437169;Культурология
30141;;"Требования к содержанию комплексного экзамена по русскому языку как иностранному.";"В данном методическом издании
представлены минимальные
обязательные требования к уровню
владения русским языком как
иностранным, а также к объему знаний
по истории России и основам
законодательства Российской
Федерации, предъявляемые к
иностранным гражданам, которым
необходимо получить разрешение на
работу либо патент и сдать для этой
цели комплексный экзамен.";"2015. Мяг. € 12.99";6437170;"Русский язык - как иностранный"
30142;;"Собрание трудов. Художественные вести";"Первая издаваемая книга трудов
представляет собой начало пути
историка литературы, искусства и
театра, аналитика текущего
художественного процесса,
переводчика и музейного работника
Абрама Эфроса. Перед читателем
хроника художественной жизни Москвы и
Петербурга 1911-1918 гг.";"2015. Мяг. € 16.73";6437171;Культурология
30143;;"Камера хранения. Мещанская книга ";"Новая книга лауреата премии ""Большая
книга"" Александра Кабакова - сборник
автобиографических эссе.
Воспоминания о вещах, предметах
советского быта, написанные с
ностальгией и любовью.";"2015. Твё. € 12.99";6437172;"Русская литература"
30144;;"Радищев ";"Биография ""первого русского
революционера"", как называли
Александра Николаевича Радищева в
советской историографии, всегда
привлекала к себе пристальное
внимание публики. Это действительно
трагическая фигура в нашей истории. Но
до сих пор непонятно: зачем именно он
издал свою главную книгу -
""Путешествие из Петербурга в Москву"",
призывавшую к свержению
правительства, да еще в момент
бомбардировки Северной столицы
шведской эскадрой? Стремился
перенести на отечественную почву
Французскую революцию? Вызвать бунт?
Рассказать современникам о ""плачевном
состоянии крестьянского сословия""?
Или был настолько поглощен
собственными страданиями, что не
замечал пушечной канонады, от которой
в доме дрожали стекла? Серия: Жизнь
замечательных людей.";"2015. Твё. € 14.86";6437173;Биографии
30145;;"Пугачев ";"Емельян Пугачев заставил говорить о
себе не только всю Россию, но и Европу
и даже Северную Америку. Одни называли
его самозванцем, авантюристом,
иностранным шпионом, душегубом и
развратником, другие считали народным
заступником и правдоискателем,
признавали законным ""амператором""
Петром Федоровичем. Каким образом
простой донской казак смог создать
многотысячную армию, противостоявшую
регулярным царским войскам и бравшую
укрепленные города? Была ли возможна
победа пугачевцев? Как они
предполагали обустроить Россию? Какая
судьба в этом случае ждала Екатерину
II? Откуда на теле предводителя
бунтовщиков появились загадочные
""царские знаки""? Серия: Жизнь
замечательных людей.";"2015. Твё. € 14.86";6437174;Биографии
30146;;"Не отворачивайся ";" Теплый летний день. Парк развлечений
«Пять вершин». Но отдых вместе с
семьей оборачивается для журналиста
Дэвида Харвуда настоящим кошмаром. 
 Исчезает маленький сын, а пока его
ищут, пропадает жена Джан. И найти ее
не удается ни Дэвиду, ни полиции. Ее
похитили? Она сбежала от семьи? Ее
убили? Полиция не может найти ответ ни
на один из этих вопросов. Дэвид, не раз
проводивший журналистские
расследования, начинает искать ответы
в прошлом своей жены и вдруг понимает,
что никогда по-настоящему не знал ее…";"2015. Твё. € 12.99";6437175;Детективы
30147;;"Поверь своим глазам";"Томас Килбрайт болен и редко покидает
дом. Его единственная страсть -
виртуальные путешествия по городам
мира. Во время одной из таких
компьютерных прогулок по Нью-Йорку он
случайно видит записанную камерой
сцену жестокого убийства. Томас
сообщает об этом старшему брату Рэю,
но тот поднимает его на смех. Однако,
уступив просьбам Томаса, все-таки
пытается выяснить, что на самом деле
увидел брат.";"2015. Твё. € 12.99";6437176;Детективы
30148;;"Девушка с часами вместо сердца ";"Представьте себе, что женщина, которая
разбила вам в юности сердце, а потом
ушла из вашей жизни на двадцать лет,
неожиданно появляется вновь и просит
о помощи. Найдете ли вы в себе силы
ответить отказом? Если эта женщина так
же прекрасна и обольстительна, как
Лиана Дектер, она обязательно
уговорит вас доставить пятьсот тысяч
долларов ее престарелому любовнику -
человеку, у которого эти деньги были
похищены. 
 И тогда вам останется лишь одно:
молиться о том, чтобы выжить…";"2015. Твё. € 12.99";6437177;Детективы
30149;;"Сквозь глубины. Рассказ мальчика из Бухенвальда, который наконец вернулся домой";"Книга рассказывает о детстве раввина
Исраэля Меира Лау, пришедшемся на годы
войны, о выпавших на его долю
испытаниях, спасении из Бухенвальда и
дальнейшей репатриации в
Эрец-Исраэль. Вчерашний узник лагеря
смерти смог пойти по стопам своих
предков и стал раввином. С течением
времени он занял самый высокий
духовный пост - главного раввина
Израиля. По роду своей деятельности он
встречался со многими религиозными и
государственными лидерами, принимая
участие в решении важных вопросов на
самом высоком уровне. 
 Подробности его невероятной судьбы
вы сможете узнать, прочитав эту книгу.";"2015. Твё. € 27.94";6437178;Воспоминания
30150;;"Грешники и праведники ";"В последнем романе Рэнкина из
знаменитой серии детективов про
инспектора Ребуса ветеран
шотландского сыска, уже отправленный
автором в отставку, вновь
возвращается в строй и дает
мастер-класс молодому поколению
следователей. У Ребуса, четверть века
отдавшего уголовному розыску,
появляется шанс доказать, что его еще
рано списывать со счетов. На его беду,
служба генерального прокурора
возобновляет расследование дела об
убийстве тридцатилетней давности,
которое бросает тень на группу бывших
сотрудников угрозыска. Легендарная в
прошлом бригада сыскарей
представляла собой нечто вроде
тайного братства со своим уставом и
ритуалами. Они называли себя ""святыми"",
и последним в их ряды был принят
молодой констебль Джон Ребус... Так кто
же они, эти святые в полицейской форме:
стражи закона или преступники,
грешники или праведники? И кто сам
Ребус - тогда и теперь?";"2015. Твё. € 13.93";6437179;Детективы
30151;;"Немцов, Хакамада, Гайдар, Чубайс. Записки пресс-секретаря";"Эта книга была закончена незадолго до
гибели Бориса Немцова его личным
пресс-секретарем. Борис Немцов, Ирина
Хакамада, Анатолий Чубайс… Отношение
к этим людям в нашей стране менялось
от обожания до ненависти. Когда Лиля
написала первые главы книги, Борис
Немцов сказал: ""Пиши. Это надо издать,
потому что здесь, у тебя, мы все
какие-то другие, такие, которыми нас не
знают"". 
 Эта книга рушит шаблоны. Эта книга
переворачивает представление о том,
что и как происходило и происходит по
ту сторону политики. Это очень живая
книга про очень живых людей. Даже если
их уже нет с нами.";"2015. Твё. € 11.12";6437180;Воспоминания
30152;;"Мачеха в хрустальных галошах ";"У Степаниды Козловой новая работа.
Нет, нет, она по-прежнему визажист
фирмы ""Бак"", просто сейчас гримирует
семью Монаховых для съемок
биографического телефильма. Что
такого особенного в Кирилле и
Антонине, а также в их детях? У мужчины
после тяжелой травмы открылся Дар:
алтайский шаман, лечивший его, велел
теперь помогать людям и возвести Дом
Души. Чем и занялись члены семейства.
Правда, старшие - истово, отказывая
себе во всем, а младшие с неохотой,
недовольные переездом из особняка в
обычную квартиру. Съемки
продолжаются, и вдруг... оказывается, в
подвальном чулане спрятаны украшения,
похожие на те, что снимал со своих
жертв маньяк-убийца...";"2015. Твё. € 8.32";6437181;Детективы
30153;;"Дорогие мои мальчишки";"Всю Великую Отечественную войну Лев
Кассиль работал в тылу: ездил в
воинские части, школы, на заводы,
выступал по радио. Лев Абрамович
хорошо знал положение дел в стране,
где к станкам встали старики, женщины
и подростки. О них он и написал - о тех,
кто работал под лозунгом ""Все для
фронта, все для Победы"" на
Судоремонтном заводе в Рыбачьем
затоне. О ребятах, которым пришлось
быстро повзрослеть, принять на себя
огромную ответственность, но которые
при этом остались детьми, любящими
игры и приключения. Одновременно
добрая и драматичная повесть стала
классикой отечественной литературы.";"2015. Твё. € 8.32";6437182;"Русская литература"
30154;;"Три дня в Карликании";"Захватывающая приключенческая
повесть и одновременно учебник по
математике... Думаете, такого не может
быть? Тогда откройте книгу ""Три дня в
Карликании"", и вы перенесётесь в
весёлую страну цифр, где нет мыла и
зубных щёток, а её жители на завтрак
вместо чая и кофе пьют чернила. Вы
совершите прогулку по улице
Совершенства и побываете на площади
Добрых Напутствий. Станете свидетелем
жарких споров и опасных аттракционов.
Узнаете, чем отличаются арабские и
римские цифры, как считали в Древнем
Египте и как дробить числа, которые
друг на друга не делятся.
 Книга Владимира Лёвшина полюбилась
многим поколениям юных математиков.
Но только сейчас, спустя почти
четверть века, она выходит с
оригинальными иллюстрациями -
чудесными и добрыми рисунками Наталии
Антокольской. Художницы, подарившей
главному герою лёвшинских книг -
Нулику - такое весёлое и узнаваемое
лицо.";"2015. Твё. € 12.99";6437183;"Детская литература"
30155;;"Полторы комнаты";"""Полторы комнаты"" - одно из самых
известных эссе И.Бродского в новом
блестящем переводе с англ. М.Немцова.
Автор вспоминает в нем о родителях, о
своем детстве и юности, о доме, где он
прожил до начала 1970-х годов и откуда
вынужден был уехать в эмиграцию.
Фотографии знаменитого
ленинградского фотографа Бориса
Смелова.";"2015. Твё. € 26.17";6437184;Воспоминания
30156;;"Владимир Крамник.Избранные партии 14-го чемпионата мира по шахматам";"Творчество Владимира Крамника --
отдельная большая глава в летописи
мировых шахмат. Универсальность
дарования позволила ему за долгую
карьеру создать множество шедевров,
раскрывающих различные грани борьбы
за шахматной доской. Международный
гроссмейстер и опытный тренер Сархан
Гулиев подверг партии 14-го чемпиона
мира всестороннему анализу, учтя как
более ранние комментарии самого
Крамника и других исследователей, так
и достижения современного
компьютерного метода. Являясь
творческим одного из самых выдающихся
шахматистов наших дней, книга также
содержит сведения и рекомендации
учебного характера.";"2015. Твё. € 18.60";6437185;Шахматы
30157;;"Полное собрание партий с авторскими комментариями. Т.3. 1926-1931";"Первый русский чемпион мира Александр
Алехин вошел в историю не только как
победитель множества турниров и
матчей и создатель сотен шедевров
шахматного творчества. Он также по
праву считается одним из самых
выдающихся аналитиков всех времен.
Комментарии Алехина отличают глубина
и объективность, ясное изложение
заключенных в позиции идей. В этом
издании впервые собраны ВСЕ партии
Алехина с авторскими примечаниями.
Многие из них в настоящее время можно
найти только в старых журналах,
некоторые ранее не публиковались на
русском языке. В редакционных
примечаниях учтены достижения
современного компьютерного анализа.";"2015. Твё. € 18.60";6437186;Шахматы
30158;;"Советский Союз. Последние годы жизни";"Книга, предлагаемая вниманию
читателей, была начата Р.Медведевым
еще в конце 1991 года, и работа над ней
продолжалась почти двадцать лет.
Основана она не только на документах и
многочисленных воспоминаниях
участников тех событий, но и на
собственных впечатлениях автора, его
встречах и беседах. По его словам, он
""старался быть объективным, насколько
это вообще возможно при описании и
анализе событий, столь сильно
изменивших всю нашу прежнюю жизнь"".
Эту книгу можно было бы назвать и
политической биографией М.Горбачева,
не будь она так густо населена и
другими персонажами заметно
проявлявшими себя в государственных и
общественных действиях. Одной из
основных идей книги является
положение о том, что дряхлеющая
политическая система СССР вынесла на
поверхность деятеля, не готового
взять руль и вследствие этого
неизбежно отправившего истрепанный в
политических и экономических бурях
корабль на рифы.";"2015. Твё. € 17.66";6437187;История
30159;;"Национализм. Полемика 1909-1917";"В настоящем сборнике объединены
материалы двух наиболее известных
дискуссий в русской печати
предреволюционного периода. Первая из
них, развернувшаяся в 1909 г. после
выхода сборника ""Вехи"", получила
неформальное имя ""полемики о
национальном лице"". Вторая, дискуссия
о национализме 1916-1917 гг., внешне
продолжала доныне не описанную
газетно-журнальную полемику П.Б.
Струве с Н. А. Гредескулом и Б. А.
Кистяковским по ""украинскому вопросу""
(1914-1915). Здесь она собрана впервые и
представлена в своей заключительной,
философской стадии, по материалам, в
основном, журнала ""Русская Мысль"", в
котором Струве решил дать
теоретический выход политически
малоприятной для него дискуссии.";"2015. Твё. € 13.93";6437188;История
30160;;"Камуфлет ";"Ужасные, кровавые преступления
сотрясают Петербург начала ХХ века:
при странных обстоятельствах гибнут
красивые мужчины. У кого-то в руках
взрывается скрипка редчайшей работы,
кто-то травится дорогой сигарой,
кто-то включает заминированную
настольную лампу или входит в
заминированную дверь… Родиону
Ванзарову из сыскной полиции
Петербурга предстоит собрать воедино
мозаику этих убийств и прийти к
совершенно невероятному выводу.
Ванзаров узнает, что Российской
империи грозит огромная опасность -
следствие отчаянной любви последнего
русского императора Николая II…";"2015. Твё. € 11.12";6437189;Детективы
30161;;"Сыщики от бога ";"На западе Виргинии XIX века суровый
протестант раскрывает преступление
за преступлением, опираясь на
собственное понимание Божьего
промысла, справедливости и закона.
Католическая монахиня ордена сестер
Марфы из Вифании в Лос-Анджелесе
середины XX века с упоением принимает
участие в расследовании - когда-то она
хотела служить в полиции, как ее отец. 
 Молодой неуступчивый раввин в
маленьком американском городке в 1970-х
использует профессиональные навыки,
чтобы рассмотреть детективную
загадку со всех сторон и найти ответ.
Каждый из этих сыщиков-любителей
полагается на Бога, но не пренебрегает
здравым смыслом, наблюдательностью и
жизненным опытом. И справедливость
неизменно торжествует.";"2015. Твё. € 16.73";6437190;Детективы
30162;;"Мастер охоты на единорога";"Только на гобеленах остались леса, где
еще водятся единороги. Тем дороже
ценится редкостная добыча...
Мифическое существо со старинного
гобелена может нести в себе реальную
угрозу. На этот раз Александре
предстоит самая опасная охота в ее
жизни...";"2015. Твё. € 8.32";6437191;Детективы
30163;;"Одесский юмор. XXI век ";"Неисчезающая художественная аура
произведений Бабеля, Ильфа и Петрова,
Катаева, Олеши, продолжающееся
блистательное творчество Михаила
Жванецкого, выходящий с 1997 года
ежемесячно одесский журнал «Фонтан»
благоприятствовали появлению в
Одессе новых авторов, многие из
которых продолжили лучшие традиции
одесского литературного юмора и в XXI
веке.
 Словом, пока жива Одесса, жив и ее
юмор!
 Прочтя книгу, вы в этом легко
убедитесь...";"2015. Твё. € 12.99";6437192;Юмор
30164;;"Лечение рака. Новые перспективы";"Проблема, связанная с раком и другими
онкологическими заболеваниями,
актуальна в наши дни как никогда. Все
больше людей сталкиваются с этой
серьезной болезнью сами или
переживают за своих родных. К
сожалению, традиционные подходы к
лечению рака нередко не дают
результата. Но нельзя опускать руки.
Познакомившись с уникальной
методикой борьбы с раком,
разработанной ведущими специалистами
Центра ""Долголетие"", каждый сможет
помочь себе и своим близким. И не надо
дожидаться появления настораживающих
симптомов - ведь можно, выполняя
данные в книге рекомендации,
предотвратить возникновение грозного
недуга. 
Подробно описанная в книге методика
помогает и в лечении множества
заболеваний, продлевает жизнь и
повышает ее качество.";"2013. Мяг. € 5.51";6437193;Здоровье
30165;;"Почему мы так мало живем? Совершенно секретно";"Срок человеческой жизни, здоровье,
физическая и умственная активность.
Эти понятия и связанные с ними вопросы
всегда интересовали людей. Существует
множество теорий, но на практике
результаты применения различных
методик не всегда однозначны. Поэтому
особый интерес представляют книги,
представляющие конкретные
достижения, в основе которых лежит
разработанная автором методика.
Именно такая книга перед вами.
Прочитав ее, вы сможете принять меры,
которые позволят продлить свою жизнь,
повысить ее качество, избежать
развития многих серьезных болезней,
таких как сахарный диабет, гипертония,
рак, а также избавиться от тех
нарушений, которые уже возникли.";"2013. Мяг. € 5.51";6437194;"Нетрадиционная медицина"
30166;;"Будда. Его жизнь и учение";"""Учение Будды - не религия, а образ
жизни. Буддизм отличается научностью,
эмпиричностью, практичностью. Будда -
не философ и не метафизик, а простой
человек, стоящий обеими ногами на
земле. Если вы хотите изменить свою
жизнь, - говорил он, - избавьтесь от
предрассудков. Ваши убеждения могут
оказаться непреодолимым препятствием
на пути к переменам. Не нужно начинать
ни с веры, ни с метафизики, ни с
общепринятых догм. Начинайте новую
жизнь с нуля, как будто вы абсолютно
голые. У вас не должно быть абсолютно
ничего. И это единственно верный путь
к истине"". 
Ошо";"2004. Мяг. € 9.25";6437195;Эзотерика
30167;;"Компьютерные уроки для тех, кому за 50";"Даже если вы знакомы с компьютером на
Вы, даже если только понаслышке
знаете, что такое Интернет, с этой
книгой вы легко и просто сможете не
только включать и выключать комп, но и
пользоваться им каждый день,
упростить повседневный быт и общаться
с родными, друзьями и знакомыми в
любой точке земного шара! Бонусная
глава научит, как пользоваться
мобильными приложениями: выбирать
наиболее короткие маршруты
передвижения, заказывать билеты,
записаться на прием ко врачу…
 Багаж необходимых знаний ждет вас на
страницах этой книги!";"2015. Мяг. € 9.25";6437196;"Компьютерная литература"
30168;;"Таблетка от склероза. Тренировка мозга для ржавых чайников";"Хотите оставаться на гребне волны, не
отставать от ритма современной жизни,
сохранять ясность ума и оставаться в
здравом уме и твердой памяти?
Научитесь получать от жизни
удовольствие, открывать новые дороги
и находить неожиданные перспективы. 
 Что может значительно разнообразить
размеренную жизнь на пенсии?
Интерактивные игры, обширный круг
общения, новые впечатления и
многочисленные знакомства способны
открыть вам другие горизонты - так
утверждает активная пенсионерка
Любовь Левина в этой книге. Зря вы
думаете, что игры не подходят для
людей пенсионного возраста и новые
знакомства вам уже не нужны. Автор,
разработавшая уникальную программу
""Таблетка от склероза"", на собственном
примере доказывает, какой необычной и
интересной может быть жизнь на пенсии!

 Воспользуйтесь опытом Любови Левиной
и наполните свою жизнь яркими
красками!";"2015. Мяг. € 9.25";6437197;"Компьютерная литература"
30169;;"Интернет - это проще, чем чайник!";"Книга Любови Левиной ""Компьютерный
букварь для ржавых чайников"" имела
оглушительный успех и заняла первое
место на Всероссийском конкурсе
""Связь поколений"". В связи с этим
представляем продолжение
компьютерного бестселлера для тех,
кому за… 
 Интернет в самых популярных вопросах
и простых и понятных ответах с
пошаговыми иллюстрациями. Что такое
Интернет, антивирус, форум; как
завести и удалить почтовый ящик; как
копировать и перемещать большое
количество файлов, настроить
автосохранение документов; как
пользоваться электронным кошельком и
совершать покупки в Интернете; как
записаться к врачу, купить ж/д- и
авиабилет; как отследить посылку; как
зарегистрироваться и общаться в
Одноклассниках и Вконтакте; как не
стать жертвой мошенников.";"2015. Твё. € 12.99";6437198;"Компьютерная литература"
30170;;"Девушка в цвету";"В новую книгу Татьяны Толстой ""Девушка
в цвету"" вошли как новые, так и уже
выходившие автобиографические тексты
- о молодости и о семье, о путешествиях
во Францию и о жизни в Америке, а также
эссе о литературе, кино, искусстве. 
""Иногда мама позволяла рассматривать
вещи в ящиках комода. Там были какие-то
чудесные шарфы, ожерелье в форме
серебряной стружки, сумочка шанель,
красивые часики, туфли… Мне так
хотелось всего этого - браслетов,
колец, серег, бус, - и чтобы много, с
избытком, через край. Мне так хотелось
закутаться во все шали и намотать себе
на голову тюрбаны из всех шарфов, а из
тех, что останутся, сшить себе
восточные шаровары или, на худой
конец, цыганские юбки. Я алчно
рассматривала книжные, альбомные
картинки с этой избыточностью,
невозможной в реальной, нормальной,
ежедневной жизни. Но я росла под
насмешливым голубым взглядом мамы,
которая умела как-то без слов, одним
поворотом головы дать понять, что это
всё для бездельников, а надо работать.
Учиться, например"".";"2015. Твё. € 13.93";6437199;"Русская литература"
30171;;"Тело ";"Тело - это все или ничто? Божественный
сосуд или мешок с дерьмом? Верить телу,
не верить? Опора, счастье, наслаждение
или горе, боль, разгром, разложение? С
точки зрения одной из азиатских
мифологий, Бог создал человеческое
тело, а дьявол - душу. А вдруг так и
есть? По крайней мере у некоторых...
Реабилитация тела или насмешка над
ним? Все не так! Совместный продукт
Бога и дьявола, ТЕЛО - герой этой книги.";"2015. Твё. € 16.73";6437200;"Русская литература"
30172;;"Братья Волф ";"Трилогия ""Братья Волф"" - первый роман
автора бестселлера ""Книжный Вор""
Маркуса Зусака. Книга о подростках с
улиц Сиднея получила несколько
крупных премий, в том числе самую
серьезную австралийскую награду - NSW
Premier's Literary Awards. 
 Чувства героев странны им самим,
поступки стихийны, а мысли обо всём на
свете: о верности крови, о музыке
девушек, о руках братьев. Они
улыбаются родителям, чтобы те думали:
всё в порядке. Не всякий поймет, чем
герои живут: собачьи бега, кража
дорожных знаков в ночи или и того
хлеще - тайные поединки на ринге. 
 Они голодны. Голод терзает их изнутри,
заставляет рваться вперед. Но герои
должны вырасти; ползти и стонать,
грызть, лаять на любого, кто вздумает
помешать им или приручить. Они братья
Волф, волчьи подростки, бегут,
выслеживают жизнь, одолевая страх. И
если не справятся, винить им некого.";"2015. Твё. € 13.93";6437201;"Зарубежная литература"
30173;;"Франция в свое удовольствие. В поисках утраченных вкусов";"Это не просто сборник рецептов, а
увлекательный рассказ о том, где
готовят настоящее кассуле, как
сделать экладу из мидий, кто еще
решается зажарить быка на вертеле.
Джон Бакстер однажды купил на книжном
развале старинное меню, изучил его и
задумался о том, сколько знаменитых
некогда французских блюд теперь почти
негде даже попробовать. Автор
монографий о Джордже Лукасе, Стенли
Кубрике, Роберте Де Ниро, Джон Бакстер
переехал из Лос-Анджелеса во Францию,
и вот выпускает уже третью книгу о
любимой стране. На этот раз - ее
гастрономической стороне.";"2015. Твё. € 12.99";6437202;Кулинария
30174;;Ученик;"Упрятав за решетку серийного маньяка
по прозвищу Хирург, детектив Джейн
Риццоли надеялась навсегда забыть о
том ужасе, который она пережила, попав
в его ловушку. Однако при
расследовании очередного убийства у
нее вдруг возникает жуткое ощущение
дежавю. Преступник воспроизводит
некоторые детали почерка Хирурга,
хотя его жертвами становятся не
одинокие женщины, а семейные пары.
Неужели у Хирурга появился
подражатель?";"2015. Твё. € 12.06";6437203;Детективы
30175;;"Сатурн. Мрачные картины из жизни мужчин рода Гойя";"Роман ""Сатурн"" - это сплетение трех
монологов: великого живописца
Франсиско Гойи, его сына Хавьера и
внука Мариано. Жонглируя этими тремя
точками зрения, Яцек Денель открывает
читателю теневую сторону жизни
знаменитого художника и, предоставив
слово мужчинам из рода Гойя,
показывает, какая глубокая пропасть
разделяет их и насколько сильны
кровные узы. Это семейный портрет в
интерьере опасных связей и бурных
исторических событий. Рисуя частную
жизнь гения - талантливо, сочно, - автор
романа излагает интригующую и научно
обоснованную версию создания фресок
на стенах загородного дома Гойи,
известных всему миру как ""мрачные
картины"".";"2015. Твё. € 11.12";6437204;"Зарубежная литература"
30176;;"Дневник - большое подспорье ";"Завершающий, двенадцатый том
ненумерованного Собрания сочинений
Лидии Корнеевны Чуковской,
подготовленного ее дочерью Еленой
Чуковской. Верстку этой книги Елена
Цезаревна успела прочесть в больнице
за несколько дней до своей кончины.
Лидия Чуковская вела подробные
дневники с 1938 по 1995 год. На основе этих
дневников были составлены ее
трехтомные ""Записки об Анне Ахматовой""
и том ""Из дневника. Воспоминания"",
вошедшие в Собрание сочинений. Для
настоящей книги отобраны записи о
литературных и общественных событиях,
впечатления о прочитанных книгах,
портреты современников и мысли автора
о предназначении литературного
творчества и собственного дневника.";"2015. Твё. € 16.73";6437205;Воспоминания
30177;;"Зима мира";"Действие романа относится к первой
половине XX века и охватывает события,
происходившие в канун Второй мировой
войны, а также военное и послевоенное
время. Главные его герои --
интеллектуалы и рабочие, аристократы,
военные и политики России, Германии,
Англии и США, чьи судьбы переплелись в
затейливый и непредсказуемый узор. На
их глазах рушится мир, к власти в
Европе приходит Гитлер, ввергший
континенты в войну, а их жизни вмещают
в себя и эпохальные события, и
неисчислимые беды, и тихие радости...";"2015. Твё. € 14.86";6437206;"Зарубежная литература"
30178;;"Убью кого хочу! ";"Ленинградская студентка Саша
Романова, отличница, умница, всегда
мечтала о любви. И вдруг на пятом курсе
у нее случился настоящий роман! Кто же
он, ее принц и герой?! Робкий очкарик,
маменькин сынок... Да, искренне
любящий! Но рядом его мамочка, готовая
к любым битвам за свое сокровище. Что
делать? Нужно удрать на Кавказ! Лето...
Свобода... Его ладони, полные спелых
вишен... И так хочется ""тех самых слов"",
но он почему-то молчит. А тут еще
красавец-чех... Неужели и он влюблен? 
 Что ж, любовь - это всегда выбор...";"2015. Твё. € 8.32";6437207;"Русская литература"
30179;;"Менахем Бегин. Битва за душу Израиля";"Менахем Бегин - едва ли не самая яркая
личность в политической истории
Государства Израиль. Человек очень
непростой судьбы, он был беженцем и
лидером ""Бейтара"", борцом за
репатриацию и узником ГУЛАГа,
солдатом Второй мировой войны, главой
подпольной боевой организации,
боровшейся за независимость
еврейского государства и многолетним
лидером парламентской оппозиции.
Бегин сломал монополию израильских
социалистов на власть в стране,
заключил первый мирный договор с
крупнейшим арабским государством, был
вдохновителем драматических военных
операций и лауреатом Нобелевской
премии мира. Впрочем, обо всем этом
читатель сам узнает из книги Даниэля
Гордиса.";"2015. Твё. € 13.93";6437208;Биографии
30180;;"Пора убивать ";"На карту поставлено многое - жизнь
мужчины, преступившего закон ради
чести семьи, и репутация молодого
адвоката, вопреки угрозам и здравому
смыслу решившегося взяться за это
дело. 
 Любая его ошибка может стать роковой,
любое неверное слово - может
обернуться смертным приговором...";"2015. Твё. € 12.99";6437209;Детективы
30181;;"Автобиография. Евангелие богатства ";"Представлен впервые собранный в одном
томе материал, включающий две
действительно впечатляющие работы
Эндрю Карнеги - ""Автобиография"" и
""Евангелие богатства"". Это потрясающий
.манифест о том долге, который должен
выполнить каждый богатый человек -
отдать свои материальные блага
обществу. И он на деле осуществил то,
что проповедовал, построив по всей
стране около 160 библиотек, основав
Университет Карнеги-Меллона,
концертный зал ""Карнеги-холл"" и
участвуя в бессчетном числе других
акций филантропического характера.";"2014. Твё. € 18.60";6437210;Биографии
30182;;Детектив;"Необычный роман для Артура Хейли -
мастери""синтетической
прозы"",создавшего шедевры этого жанра
-""Отель"",""Аэропорт"",""Колеса""...Блистательный
психологический триллер, в котором
маньяк-убийца исповедуется перед
детективом, словно перед священником,
- а детектив, бывший когда-то
священником,не в силах нарушить тайну
исповеди...";"2011. Мяг. € 8.32";6437211;"Зарубежная литература"
30183;;"Вчерашний мир. Воспоминания европейца";"«Вчерашний мир» -- последняя книга
Стефана Цвейга, и она преисполнена
мучительной тревогой о судьбах
культуры и о будущем человечества. Она
была написана в роковые годы, когда
Европа подверглась нашествию
германского фашизма, когда
гитлеровские полчища оккупировали
Париж и свои алчные взгляды бросали на
Москву. «Вчерашний мир» -- это прежде
всего книга-прощание. Последний раз
оглядывается Стефан Цвейг на
величественное здание европейской
культуры, которое германскими
фашистами было обречено на снос. Еще
раз в его памяти всплывают творцы этой
культуры, название книг, городов и
улиц, счастливые и трагические
события, из которых складывается
история двадцатого столетия. В этой
книге есть люди, о которых Стефан
Цвейг говорит с нескрываемым
энтузиазмом и любовью, нисколько не
скрывая, что гордится знакомством и
дружбой с ними: Максим Горький, Ромен
Роллан, Райнер Мария Рильке, Анатолий
Луначарский, Рихард Штраус, Зигмунд
Фрейд. Но все это он не просто
вспоминает -- его книга вместе с тем
беспощадно аналитична и правдива. Она
задумана как исповедь, кредо сына
своего столетия. События его личной
жизни погружены в прожитую и
пережитую историю, и таким образом в
судьбе писателя отражаются судьбы его
поколения.";"2015. Твё. € 13.93";6437212;"Зарубежная литература"
30184;;"Пища Богов. Секреты долголетия древних";"Это увлекательное путешествие в
древний мир и возможность
познакомиться с образом жизни наших
далеких предков. Как говорится,
человек есть то, что он ест. Эта книга
ответит на вопрос, откуда воины
древности брали силу богатырскую и
здоровье недюжинное, как им удавалось
сохранять свой род крепким и жить
гораздо дольше нашего. 
 Ученые давно пришли к выводу - наши
предки сохраняли силу и красоту
благодаря особому рациону питания. А
легенды гласят, что это дар,
полученный древними людьми от богов. В
этой книге собраны старейшие секреты
здоровья и долголетия, которые
бережно передавались из поколения в
поколение. Вы знали, что русским народ
всегда был могучим, потому что позже
всех в Европе узнал о крепком
алкоголе? Кому же было выгодно
уничтожить богатые традиции русской
кухни? Об этом и о том, откуда
появились те или иные продукты и как
они влияют на наш организм, в новой
книге Игоря Прокопенко, подкрепленной
комментариями ведущих кулинаров,
врачей и историков.";"2015. Твё. € 11.12";6437213;Разное
30185;;"Запад против России";"ЗАПАД ПРОТИВ РОССИИ - это уникальное
собрание острых полемических текстов
Достоевского, одного из наиболее
читаемых классиков русской
литературы, о противостоянии русской
и западной цивилизаций. Хотя
Достоевский отдает должное
европейской культуре, он убежден, что
Европа отошла от Христа, а России
предопределено вернуть ее в лоно
христианства. Достоевский в своей
критике Запада опережает идею
Шпенглера о Закате Европы.";"2014. Твё. € 11.12";6437214;"Русская литература"
30186;;"Степные боги. Разгуляевка";"""Степные боги"" - это тонкое, лирическое
обращение к нашей истории, ко времени
конца Второй мировой войны. Без
спекуляций и патриотических истерик,
спокойно и благородно автор языком
классического русского романа
рассказывает о современнике Великой
победы - Забайкальском мальчишке
Петьке, в котором отразилась вся
противоречивость той эпохи с ее
жестоким стремлением к героизму и
невероятной нежностью и теплотой
обыкновенных человеческих отношений,
подвергнутых испытаниям военного
режима.
 Но ""Степные боги"" - это еще и
динамичный триллер. Глубокие урановые
рудники вблизи Аргуни, пленный
врач-японец, который один знает их
тайну, чудовищные мутации степных
трав, приводящие к гибели десятков
людей... Никогда еще современный
русский роман не был столь искренним и
захватывающим!";"2015. Твё. € 11.12";6437215;"Русская литература"
30187;;"Жаркое дыхание прошлого";"Жизнь в последнее время, несмотря на
все проблемы, радовала. Правду говорят
- любовь творит чудеса! Даже если эта
любовь загорает на Мальдивах в
компании красотки. Ничего, проявим
терпение, и Владан Марич поймет, что я
его судьба. А пока, может, заняться
делом? Меня заинтересовало
преступление, совершенное
одиннадцать лет назад, ведь с
недавнего времени я сыщик, помощник
сыщика, или секретарь… не важно. Одним
словом, это теперь моя работа. Раз
Владан отдыхает, значит, я могу
расследовать убийство Олега
Кириллова, завербовав в помощники,
участкового Егора Кругликова. Владлен
обхохочется, когда обо всем узнает...
Но мне и в ночном кошмаре не могло
присниться, к чему приведет история с
обнаружением трупа юноши,
исчезнувшего одиннадцать лет назад и
до сего дня считавшегося пропавшим
без вести…";"2015. Твё. € 8.32";6437216;Детективы
30188;;Лолита;"ЛОЛИТА - третий американский роман
Владимира Набокова - увидела свет в 1955
году. Вызвав скандал по обе стороны
океана, эта книга вознесла автора на
вер­шину литературного Олимпа и стала
одним из самых из­вестных и, без
сомнения, самых великих произведений
XX века. Сегодня, когда полемические
страсти вокруг ЛОЛИТЫ уже давно
улеглись, можно уверенно сказать, что
это книга о великой любви,
преодолевшей болезнь, смерть и время,
любви, разомкнутой в бесконечность,
""любви с первого взгляда, с последнего
взгляда, с извеч­ного взгляда"".";"2015. Твё. € 9.25";6437217;"Русская литература"
30189;;"Все о девочке с Земли";"Много лет назад известный
писатель-фантаст Кир Булычев придумал
Алису Селезневу. Ту самую Алису
Селезневу - ""девочку, с которой ничего
не случится"", ""гостью из будущего"", из
тогда еще далекого, а потому
прекрасного XXI века. Историями о ее
невероятных приключениях с упоением
зачитывались миллионы детей и
взрослых. Алиса стала любимицей всей
страны, особенно когда свет увидели
замечательные экранизации -
мультфильм ""Тайна третьей планеты"",
телесериал ""Гостья из будущего"",
кинофильм ""Лиловый шар"". Книги об Алисе
Селезневой и ее друзьях до сих пор
читают по всему миру.";"2015. Твё. € 13.93";6437218;"Детская литература"
30190;;"Тридцатилетняя война";"XVII век… Распри между протестантами и
католиками, территориальные
претензии друг к другу европейских
правителей, противостояние Бурбонов и
Габсбургов - все это привело к
масштабной Тридцатилетней войне. С 1618
по 1648 год военные действия охватили
всю Европу - от Испании до Швеции. В
результате войны экономическая жизнь
и торговля вымерли в большинстве
городов Богемии, население Германии
сократилось на три четверти, а
территория уменьшилась. 
 Не решившая ни одной проблемы,
беспощадная и бесчестная, губительная
и фактически безрезультатная эта
война вошла в историю как выдающийся
пример бессмысленного кровопролития.
А книга С.В.Веджвуд - лучшее из того,
что было создано по этой теме.";"2015. Твё. € 16.73";6437219;История
30191;;"Мост через бездну. Книга 6. Часть 1";"""Мост через бездну"" - путь, который
стоит пройти. Шестая книга
знаменитого искусствоведа Паолы
Волковой вновь приглашает читателя в
увлекательное путешествие по миру
искусства.
 Стоит ли верить древним пророчествам?
Что такое ""Улыбка Реймса""? Почему был
убит царевич Алексей, и как Н.Н.Ге
попытался оправдать Петра I?
 Рассказы Паолы Волковой похожи на
полотна импрессионистов - они
фрагментарны, кажется, едва уловимы,
но ощутимы, осязаемы. Это не
классический культурологический
анализ, а скорее - мозаика, где
бесценен каждый пазл. Читаешь,
вдумываешься… И вдруг - момент истины:
картинка сложилась. Становится
удивительно легко и радостно от
нового открытия.";"2015. Твё. € 18.60";6437220;Искусство
30192;;"Осень в карманах";"Андрей Аствацатуров - автор романов
""Люди в голом"" и ""Скунскамера"". Лауреат
премий ""НОС"", ""ТОП-50"", ""Знаменитые люди
Санкт-Петербурга"", финалист премии
""Национальный бестселлер"". Новая книга
""Осень в карманах"" - это истории из
жизни обаятельного и комичного
интеллигента в четвертом поколении.
Книга открывается веселыми
анекдотами, немного грустными сценами
детства, но затем неожиданно
погружает читателя в ритмичный мир
современного города с его суетой и
страстями. Здесь, на фоне декораций
Санкт-Петербурга и Парижа, в
университетских аудиториях, в
лабиринтах улиц, в кафе и гостиницах
среди нелепостей повседневной жизни
городскому невротику в очках
доведется пережить любовную драму,
которая изменит его жизнь.";"2015. Твё. € 11.12";6437221;"Русская литература"
30193;;"Чудная баба ";"Нина Садур - российский драматург,
прозаик и сценарист, любимая ученица
российского драматурга Виктора
Розова, автор сценария известного
сериала ""Таксистка"". В 1999 году по одной
из ее пьес вышел сериал
К.Серебренникова ""Ласточка"".
 Будучи более известной за рубежом,
Садур открывается российскому
читателю как автор, сочетающий поэзию,
яркую метафору и банальность, бытовую
достоверность и фантастические
преувеличения, мистику и трезвый
реализм.";"2015. Твё. € 11.12";6437222;"Русская литература"
30195;;"Тайная история Украины-Руси";"Книга О. Бузины - первый за годы
независимости взгляд на украинское
прошлое с точки зрения факта, а не
мифа. Известный своими радикальными
оценками автор нашумевшего
«Вурдалака Тараса Шевченко» остался
верен себе. Знаковые исторические
фигуры предстают в его книге не
иконами, а живыми людьми. Сама же
история - такой, как была на самом деле,
-- исполненной жестокости и
предательства, но чудовищно
интересной. То, что скрывали архивы и
самоцензура профессиональных
историков, теперь становится
достоянием широкого читателя.";"2015. Твё. € 16.73";6437224;История
30196;;"Курсив мой. Автобиография ";"""Курсив мой"" - самая знаменитая книга
Нины Берберовой, сразу ставшая
мировым бестселлером. Яркая,
независимая, провокационная, глубоко
личная - эта автобиография вызвала
бурю нареканий со стороны ее ""героев"" и
осталась уникальным свидетельством
жизни первой русской эмиграции.
Портреты И.Бунина, В.Ходасевича,
М.Горького, А.Белого, М.Цветаевой,
З.Гиппиус, Г.Иванова, В.Набокова
написаны абсолютно свободным
человеком - без оглядки, без страха, то
хлестко и иронично, то трепетно и
нежно…";"2015. Твё. € 16.73";6437225;Воспоминания
30197;;"Ода политической глупости. От Трои до Вьетнама";"От Троянской войны - до раскола
католической церкви и Реформации. 
 От позорного поражения Британии в
Войне за независимость США - до не
менее позорной катастрофы, постигшей
США во Вьетнаме. 
 Можно ли было всего этого избежать? 
 От верного или неверного решения
политиков зависит многое, временами -
даже слишком многое. 
 Так что же заставляет власть имущих
снова и снова совершать роковые
ошибки, имеющие зачастую чудовищные
последствия? 
 Глупость? Некомпетентность? Злой
умысел? Чрезмерные амбиции? Или что-то
еще? 
 Барбара Такман, дважды лауреат
Пулитцеровской премии, размышляет в
своей интересной и увлекательной
книге о самых известных роковых
ошибках политиков в истории
человечества…";"2015. Твё. € 17.66";6437226;История
30198;;"Путин и Запад. Не учите Россию жить!";"Дмитрий Саймс - американский
политолог советского происхождения. В
США он работал советником президента
Никсона по вопросам внешней политики,
сейчас возглавляет Никсоновский
центр и является издателем журнала ""The
National Interest"".
 В своей новой книге Дмитрий Саймс
анализирует политику Владимира
Путина за последние годы. С
определенными оговорками он считает
ее обоснованной, а действия
администрации Обамы, напротив,
поспешными и часто выходящими за
рамки здравого смысла. 
 Отдельно он рассматривает политику
Евросоюза, который ведет себя так,
будто бы Россия является его частью,
оценивая ситуацию в ней с точки зрения
демократических стандартов ЕС. Между
тем, Россия имеет собственные
традиции и особенности развития,
поэтому пытаться ""учить ее жить"" по
западным меркам, по крайней мере,
неразумно. 
 Дмитрий Саймс доказывает все это на
многочисленных примерах из практики
отношений России и Запада за период
правления Путина.";"2015. Твё. € 11.12";6437227;История
30200;;"Ближайшие союзники? Подлинная история американо-израильских отношений . В 2-х кн.";"Предлагаемая вниманию читателя
очередная книга известного
израильского ученого д-ра А.Д.Эпштейна
- первый в русскоязычной, если не в
мировой, политологии рассказ о
реальных отношениях Израиля и США. Об
этом написаны тома и сказано на высшем
уровне такое количество речей, что
подвергнуть сомнению аксиому ""США -
союзник Израиля"" может только очень
хорошо информированный человек, не
подверженный влиянию общепринятых
догм и стереотипов. Именно таким
человеком и является д-р Эпштейн,
книги которого отличаются редкой
скрупулезностью в подборе фактов,
отсутствием тенденциозности и
тщательной работой с источниками.
Честность - редкое и ценное качество
для специалиста, занимающегося самыми
острыми проблемами современности. В
сочетании с высоким
профессионализмом - качество
редчайшее. Что и делает работы д-ра
Эпштейна столь важными далеко не
только для русскоязычного читателя.";"2015. Твё. € 18.60";6437229;История
30201;;"Вышли из леса две медведицы ";"Новый - восьмой в этой серии - роман
Меира Шалева, самого популярного
писателя Израиля, так же увлекателен,
как уже полюбившиеся читателям России
его прежние произведения. Книга
искрится интеллектуальной иронией, на
ее страницах кипят подлинные
человеческие страсти. К тому же автор
решился на дерзкий эксперимент:
впервые в его творчестве
повествование ведется от лица
женщины, которой отдано право
говорить о самых интимных
переживаниях. При этом роман ставит
такие мучительные нравственные
вопросы, каких не задавала до сих пор
ни одна другая книга Шалева.
Безжалостно, не считаясь с
условностями литературы, автор
проникает в самые глубинные, самые
потаенные пласты человеческой души.
Тайны и преступления в семье героини
романа продолжают саднить нашу память
еще долгое время после того, как мы
перевернем последнюю страницу.";"2015. Твё. € 16.73";6437230;"Зарубежная литература"
30202;;"Убийцы Мидаса ";"Морозным утром на одной из
центральных улиц Брюгге обнаружен
смертельно раненный мужчина. А ночью
кто-то взорвал памятник известному
фламандскому поэту. Руководство
города в панике: главный источник
дохода Брюгге - туризм - под угрозой.
Люди не захотят посещать город, в
котором убивают иностранцев и
взрывают памятники. Расследование
ведет комиссар полиции Ван-Ин.
Комиссар разрабатывает несколько
версий, но его знаменитая интуиция
подсказывает ему, что между убийством
и взрывом памятника есть связь. И что
хуже всего, будут новые преступления...";"2015. Мяг. € 9.25";6437231;Детективы
30203;;"Дети Хроноса ";"В саду частного загородного поместья
обнаружен скелет человека. ­Комиссар
Ван-­Ин и его друг инспектор Версавел
вскоре выясняют, что ­поместье в ту
пору, когда было совершено убийство,
принадлежало благотворительной
организации ""Собственная помощь"", а на
самом деле очень богатому и
уважаемому жителю Брюгге. И
располагался в его владении закрытый
бордель для влиятельных людей города.
Сюда поставлялись ""специальные
девочки"", с которыми можно было делать
все что угодно. Расследование
усложняется из-­за выдвинутого против
комиссара обвинения в давлении на
свидетеля. Но тут происходит новое,
невероятно жестокое убийство…";"2015. Мяг. € 9.25";6437232;Детективы
30204;;"Аматуе. Вселенная говорит со мной!";"Аматуе - девушка с удивительной
внешностью, которая принесла ей
мировую славу. Она похожа на существо
с другой планеты, из другого мира! Так
и есть! Аматуе пришла в этот мир, чтобы
поделиться с человечеством своими
Знаниями и раскрыть тайны Вселенной. 
 В этой книге вы: 
 - на собственном опыте почувствуете,
насколько прекрасны и фантастичны
астральные путешествия; 
 - узнаете, кем вы были в своих прошлых
жизнях и как это отражается на вас
сейчас; 
 - сможете раз и навсегда изменить свою
судьбу и обрести то счастье, о котором
раньше только мечтали.";"2015. Твё. € 9.25";6437233;Эзотерика
30205;;"Любовь и грех в русской классике";"Где та грань, которая отделяет любовь
от греха? Особенно если любовь столь
страстна, что человек не в силах
выбраться из ее сетей? Что за сила
побуждает страстно любящего человека
столь же страстно ненавидеть? И когда
оказывается возможным от ненависти
совершить преступление? 
 Этот сборник - попытка найти ответы на
все эти вопросы в произведениях
великих русских классиков: И.
Тургенева, Л. Толстого, Н. Лескова, А.
Чехова, А. Куприна, И. Бунина, Л.
Андреева, М. Арцыбашева.";"2015. Твё. € 9.25";6437234;"Русская литература"
30206;;"Последняя улика ";" Еще совсем недавно жизнь Грейс была
образцом семейного счастья - любящий и
заботливый муж, двое замечательных
детей…
 И вдруг - разрушительный пожар, в
пламени которого могут погибнуть
люди! В считанные минуты он
переворачивает ее благоустроенный
мир. Грейс бросается в огонь, чтобы
спасти свою дочь Дженни. Полиция ищет
преступника. К ужасу Грейс главным
подозреваемым становится… ее младший
сын Адам. Все улики указывают на него.
Однако она решительно отказывается в
это верить. 
 Единственный свидетель, способный
пролить свет на случившееся, - Дженни.
Но она в больнице, и не может говорить.
Спасти девушку может только чудо…";"2015. Твё. € 11.12";6437235;Детективы
30207;;"Стрелок ";"Агент международной организации
Мартин Терье узнает, что в ходе
очередной операции его подставили
боссы, на которых он работал. Чтобы
спасти свою жизнь, он вынужден
пуститься в бега и скрываться в
Европе. Преследователи буквально идут
по его пятам! Постоянные перелеты из
страны в страну, предательство друзей,
хитроумные засады и ловушки, которые
предстоит миновать…
Головокружительный триллер в стиле
лучших романов Ладлэма о Джейсоне
Борне!";"2015. Твё. € 13.93";6437236;Детективы
30208;;"Я - второй Раневская, или Й - третья буква ";"Георгий Францевич Милляр жил ""в
тридевятом царстве, в тридесятом
государстве"". Он бы ""непревзойденной
звездой"" в ролях чудовищных монстров:
Кощея, Черта, Бабы Яги, Чуда-Юда. Даже
его голос был узнаваемо-уникальным --
старчески дребезжащий с
повизгиваниями и утробным сопением. И
каким же огромным талантом надо было
обладать, чтобы из нечисти сотворить
привлекательное ЧУДОвище: самое
омерзительное существо вызывало
любовь всей страны! 
 Одиночество, непонимание и злословие
сопровождали Милляра всю его жизнь.
Несмотря на свою огромную
популярность, звание Народного
артиста РСФСР ему ""дали"" только за 4
года до смерти -- в 85 лет. Он мечтал о
ролях Вольтера и Суворова. Но
режиссеры видели в нем только ""урода"".
Он соглашался со всем и все принимал.
Но однажды его прорвало! Он выплеснул
на бумагу свое презрение и
недовольство. Так на свет появился
знаменитый ""Алфавит Милляра"" -- с
афоризмами и матом";"2015. Твё. € 9.25";6437237;Биографии
30209;;"Триумфальная арка ";"Один из самых красивых и трагических
романов о любви в истории европейской
литературы, не единожды
экранизированный, до сих пор не
утративший ни своего горького
обаяния, ни удивительного влияния на
эмоции читателей. 
 История беженца из нацистской
Германии доктора Равика и
запутавшейся в ""невыносимой легкости
бытия"" прекрасной Жоан Маду
происходит в предвоенном Париже. И
тревожное, страшное время, в которое
довелось познакомиться и полюбить
друг друга этим двоим становится
одним из главных героев ""Триумфальной
арки""…";"2015. Мяг. € 7.38";6437238;"Зарубежная литература"
30210;;"В окопах Сталинграда ";"""В окопах Сталинграда"" - самая
известная книга Виктора Платоновича
Некрасова, прозаика, занимающего в
истории русской литературы особое
место. Наследник древнего дворянского
рода, ""солдат, мушкетер, гуляка"", по
словам Андрея Синявского, ""вольный
зевака и веселый богохульник"", в
котором слышалось ""пушкинское
дыхание"", он сделал поистине
аристократическую карьеру - защищал
родину и писал книги. Небольшая
повесть, опубликованная в 1946 году и
рассказывающая об обороне
Сталинграда, стала настоящим
супербестселлером, принесшим автору
международную славу. Едва ли не
впервые прозвучала здесь та
неприглядная правда о войне, которую
позже назовут ""окопной"". Рубленой
фразой, просто и лаконично
рассказывается на этих страницах о
фронтовых буднях, о том, что война - это
тяжелая работа, грязь, неустроенность,
неприкаянный быт. Героем же повести
становится у Некрасова, как и у Льва
Толстого, народ, на совесть
сработавший свое дело и добившийся
победы... В 1974 году Некрасова, лауреата
Сталинской премии и автора
хрестоматийного произведения,
заставили покинуть родину. Его
исключили из партии, вычеркнули из
Большой советской энциклопедии,
перестали печатать. Он умер в
эмиграции в Париже, оставшись верным
тому духу свободы, которым дышат все
его сочинения.";"2015. Мяг. € 7.38";6437239;"Русская литература"
30211;;"Искусство и искус";"Без творческого наследия
Максимилиана Александровича Волошина
- поэта, художника, критика,
переводчика - невозможно представить
себе русскую поэзию и художественную
критику первой трети XX века. Его
киммерийские циклы стихов и пейзажи
навсегда запечатлели многовековую
историю и живописные ландшафты Крыма.
В эту книгу вошли статьи об
изобразительном искусстве,
включенные автором в сборник ""Лики
творчества"", впервые увидевший свет в
1914 году. Волошин дает субъективную,
эмоциональную оценку творчества
своих современников - художников
Слевинского, Дени, Редона,
Борисова-Мусатова, Врубеля, Сапунова,
Сарьяна, Богаевского, Голубкиной и
других. В его блестящих эссе находит
выражение личность человека
разностороннего, образованного,
наделенного проницательным и
глубоким умом. В настоящем издании
авторские примечания дополнены
переводом на русский язык иностранных
цитат и отдельных слов, употребляемых
в тексте; орфография и пунктуация
приведены в соответствие действующим
в настоящее время правилам. Книга
снабжена аннотированным указателем
имен.";"2015. Мяг. € 7.38";6437240;Искусство
30212;;"О самом себе ";"В литературном наследии Максимилиана
Александровича Волошина -- поэта,
художника, критика, переводчика --
большое место занимают мемуарные
очерки и дневниковые записи. В его
""записках-воспоминаниях"" находит
выражение личность человека
духовного, разносторонне
образованного, наделенного пытливым,
проницательным и глубоким умом. Ему
было дано ""ощущение тайны бытия,
стремление понять связь всего в мире,
угадать высший смысл каждого явления"".

 В эту книгу вошли автобиографические
эссе Волошина, рассказы о
путешествиях, портреты современников
(Городецкого, Кузмина, Ремизова,
Анненского, Эренбурга, Бенуа и других).
Сам автор признавался: ""Я стремлюсь в
каждом человеке, которого судьба
ставит на моем пути, найти те стороны,
за которые его можно полюбить. Эти
стороны почти всегда -- его воля к
жизни и горение. Мне кажется, что
только этим можно призвать к жизни
хорошие черты человека...""";"2015. Мяг. € 9.25";6437241;Биографии
30213;;"Россия, кровью умытая ";"Артем Веселый с самого начала своего
творческого пути занимал особое, если
не уникальное, положение в русской
литературе. Новатор, экспрессионист,
будетлянин в прозе - первые же его
публикации в сере­дине двадцатых
годов буквально ошеломили
читательское сообщество.
Матросы-анархисты, красные комиссары,
беженцы, шлюхи, дезертиры, белые
офицеры, казаки - вся взбаламученная,
озверевшая, сорванная с места и
поднятая на дыбы революцией Россия
стала героем его пестрой, яростной, до
предела насыщенной прозы. И сомнений
не возникало - весь этот дикий,
сочащийся кровью и потом материал
известен автору, воевавшему едва ли не
на всех фронтах Гражданской, отнюдь не
понаслышке. 
 В 1937-м Артем Веселый был арестован и
вскоре расстрелян. Пятьдесят лет
книги его не издавались на родине, и
только в восьмидесятые годы наследие
писателя вновь возвратилось к
читателям.";"2015. Мяг. € 7.38";6437242;"Русская литература"
30214;;"Последний поэт. Анна Ахматова в 1960-е годы. В 2-х т.";"Книга авторитетного исследователя
биографии и творчества Анны Ахматовой
стала серьезным вкладом в изучение
ахматовского наследия и в историю
русской литературы ХХ века в целом.
Поэтические декларации, устные и
печатные высказывания Ахматовой
исследуются на пространном
документальном фоне, составленном из
ее личного архива, мемуарных
свидетельств современников,
значительного числа публикаций в
советской, эмигрантской и иностранной
периодике. 
Пилотное, сокращенное издание этой
книги было издано десять лет назад
ограниченным тиражом и было
награждено премией им. Андрея Белого и
премией им. Ефима Эткинда, вызвав
оживленное обсуждение в российской и
зарубежной печати. 
Во втором издании учтены появившиеся
за истекшее десятилетие и ранее
неизвестные документы и
свидетельства, и недавно поступившие
на архивное хранение материалы, и
сообщенные читателями первого
издания уточняющие и детализирующие
сведения. Книга в 2-х томах значительно
расширена (в полтора раза) как за счет
новых текстов, так и иллюстраций.";"2015. Твё. € 37.29";6437243;Культурология
30215;;"Гоголь в Нежинской гимназии высших наук ";"В книге впервые собран полный свод
мемуаров о Гоголе-гимназисте и
повседневной жизни воспитанников
Гимназии высших наук в Нежине.
Гимназия была местом, где
формировались мировоззрение и
эстетические основы творчества
Гоголя. Мемуары учителей и соучеников
будущего писателя живо воссоздают
образ юного Гоголя, увлеченного
литературой, театром, живописью.
Богатые, разнообразные воспоминания
описывают факты и события,
раскрывающие человеческие качества
Гоголя, особенности его характера,
резкую индивидуальность личности
будущего великого художника.";"2015. Твё. € 23.36";6437244;Воспоминания
30216;;"Творчество Гоголя и русская общественная мысль. Тринадцатые Гоголевские чтения";"Тринадцатый сборник научных статей по
материалам ежегодных Гоголевских
чтений посвящен тесным связям
творчества Гоголя с православием,
философией, историософией,
литературой, журналистикой и
критической мыслью своего времени, а
также позднейшему восприятию
гоголевских произведений в русской
литературе, критике и
литературоведении.";"2013. Твё. € 23.36";6437245;Литературоведение
30217;;"Гоголь и традиционная славянская культура. Двенадцатые Гоголевские чтения";"Двенадцатый сборник научных статей по
материалам ежегодных Гоголевских
чтений посвящен творческим связям
Гоголя с традиционной культурой
славянских народов и отношению
писателя к актуальным в его время
проблемам славянского мира.";"2012. Твё. € 23.36";6437246;Литературоведение
30218;;"Большая маленькая девочка. История 2. Рецепт волшебного дня";"Недавно Женя решила сделать папе
подарок на день рождения. Но ей очень
хотелось подарить что-нибудь
НАСТОЯЩЕЕ. А пирог с яблоками -
замечательный подарок. Гораздо лучше
пластилинового ежа. И если друзья
говорят, что испечь пирог проще
простого - значит, так оно и есть. Надо
только знать рецепт: яблоки, мука,
четыре яйца, сахар и... Но об этом вы
узнаете, когда прочитаете ""Рецепт
волшебного дня"" - вторую книгу серии о
БОЛЬШОЙ МАЛЕНЬКОЙ ДЕВОЧКЕ.";"2014. Твё. € 11.12";6437247;"Детская литература"
30219;;"Большая маленькая девочка. История третья. Вышел зайчик погулять";"Однажды Женя увидела объявление:
чтобы выиграть ""потрясающий
приз-сюрприз"", надо сделать костюм для
своего питомца. Но кто сказал, что
сшить костюм зайца и засунуть в него
таксу просто?! А если на пути к призу
вас ждёт ещё и настоящий бег с
препятствиями: нервные старушки,
перепуганная невеста, летний снег и
даже ЗЛОДЕЙ С ПИСТОЛЕТОМ?! Тут помогут
только «морковка с секретом» и
быстрые ноги!";"2014. Твё. € 11.12";6437248;"Детская литература"
30220;;"Большая маленькая девочка. История первая. Как приручить город";"Книги Марии Бершадской о большой
маленькой девочке рассказывают о
Жене, которая вытянулась выше самого
высокого в мире баскетболиста, и о том,
как здорово и как сложно быть
непохожим на других. На протяжении
двенадцати книжек Женя всё ещё растёт
- она меняется, взрослеет. Папа ей
говорит, что у каждого человека, даже
если он уже вырос, есть ещё какой-то
ВНУТРЕННИЙ РОСТ.";"2014. Твё. € 11.12";6437249;"Детская литература"
30221;;"Тесты по предмету ""Окружающий мир"". 3 класс. Части 1 и 2";"В предлагаемом пособии представлены
тесты по всем темам учебного
комплекта А.А.Плешакова ""Окружающий
мир. 3 класс"". Этот материал также может
быть использован учителями,
работающими по другим учебникам.";"2014. Мяг. € 0.00";6437250;Учебники
30222;;"Литературное чтение. 1 класс. Творческая тетрадь";"Творческие задания помогают детям
закреплять изученный материал по
чтению и письму, развивать
воображение. В учебное пособие
впервые введена рубрика ""Мастерская
писателя"", в которой дети вместе с
профессиональным писателем получат
первый опыт создания литературных
произведений. Ученики узнают, как поэт
переводит и сочиняет стихи, попробуют
самостоятельно составить сказки,
загадки, поставят спектакль.";"2015. Мяг. € 8.32";6437251;Учебники
30223;;"Литературное чтение. 4 класс. Поурочные разработки к УМК Л. Ф. Климановой и др.";"Пособие содержит поурочные
разработки по курсу литературного
чтения для 4 класса к УМК
образовательной системы «Школа
России» Л.Ф.Климановой и др. (М.:
Просвещение), соответствующие
требованиям ФГОС НОО. Помимо
развернутого планирования и
подробных сценариев уроков, оно
включает в себя дополнительный
материал для учителя (биографии
писателей, вопросы для бесед, темы
проектов, тесты, литературные игры и
викторины).";"2015. Мяг. € 9.25";6437252;Учебники
30224;;"Литературное чтение. 3 класс. Поурочные разработки к УМК Л. Ф. Климановой";"Пособие содержит поурочные
разработки по литературному чтению
для 3 класса к УМК Л.Ф.Климановой и др.
(""Школа России""). Имеется
дополнительный материал для учителя
(биографии писателей, тексты
физкультминуток и др.). В сценарии
включены игровые и нестандартные
задания, кроссворды, загадки,
викторины, которые позволят повысить
активность учащихся и сделать уроки
насыщенными и интересными.";"2014. Мяг. € 9.25";6437253;Учебники
30225;;"Старший сын. Утиная охота ";"Александр Вампилов в истории русской
литературы по праву занимает место в
одном ряду с Островским, Чеховым,
Володиным и другими выдающимися
драматургами. Судьба отвела ему
совсем немного времени - он погиб
молодым, но его пьесы, среди которых
""Прощание в июне"", ""Старший сын"", ""Утиная
охота"", ""Провинциальные анекдоты"",
""Прошлым летом в Чулимске"" и другие,
уже много лет не сходят со сцены и
столичных, и провинциальных театров.";"2015. Мяг. € 7.38";6437254;"Русская литература"
30226;;"Духовные проповеди и рассуждения";"Мейстер Экхарт - знаменитый
средневековый немецкий теолог и
философ, один из крупнейших
христианских мистиков, проповедующий
учение о присутствии Бога во всем
существу ющем. Титул ""Meister"", означающий
по-немецки ""мастер учитель"", указывает
на академическое звание магистра
теологии.";"2015. Мяг. € 7.38";6437255;Философия
30227;;Гамлет;"""Трагедия о Гамлете, принце Датском"" -
самая известная пьеса не только в
творчестве Уильяма Шекспира, но и во
всей мировой драматургии.
Исследователи предполагают, что сюжет
своего произведения Шекспир
заимствовал у датского историка
Саксона Грамматика: в легенде, им
записанной, герой ищет отмщения
злодею, убившему его отца. Коварное
преступление, вызванное желанием
завладеть королевским троном,
становится лишь общей канвой пьесы,
основным же ее пафосом являются самые
насущные проблемы бытия - смысл жизни
и участь человека в мире, любовь и
предательство, верность и ненависть,
ревность и страсть, обман и
благородство. Отчаявшись найти ответы
на главные вопросы, Гамлет теряет веру
в любовь, друзей и разумность
мироздания, но возвышенный финал,
накал переживаний, самый строй
шекспировской фразы поднимают
читателя до осознания вечных истин и
дают чувство освобождения, как это
было свойственно великим греческим
трагедиям. 
В настоящем издании пьеса публикуется
в классическом переводе поэта,
ученого-литературоведа, одного из
создателей российской переводческой
школы М.Л.Лозинского.";"2015. Твё. € 7.38";6437256;"Зарубежная литература"
30228;;"Петербург ";"Анатолий Федорович Кони - блестящий
юрист и известный общественный
деятель. Великолепный оратор,
безупречно владеющий словом, Кони
прославился публичными лекциями,
выступлениями на судебных процессах,
а также уникальными мемуарами. В своих
воспоминаниях Петербургский старожил
изображает золотую пору Северной
столицы, рисует яркие портреты
современников: писателей, артистов,
политиков. Рассказы о встречах с
Л.Н.Толстым, Ф.М.Достоевским,
И.С.Тургеневым, А.П.Чеховым содержат
множество любопытных деталей и
раскрывают секреты создания
знаменитых литературных
произведений. Летописец уходящей
эпохи, Кони приглашает читателя
совершить увлекательную прогулку по
улицам и площадям старого Петербурга,
почувствовать атмосферу прошлого,
стать свидетелем и участником
важнейших событий русской истории.";"2015. Мяг. € 7.38";6437257;Воспоминания
30229;;"Письма. Документы. Воспоминания";"В эту книгу вошли письма великого
русского художника, непревзойденного
мастера пейзажа Исаака Ильича
Левитана. Он был знаком со многими
виднейшими представителями русской
литературы и искусства: А.П.Чеховым,
В.Д.Поленовым, А.Н.Бенуа, С.П.Дягилевым
-- и вел с ними переписку. В сборнике
опубликованы также документы,
относящиеся к периоду обучения
Левитана в Московском художественном
училище живописи, скульптуры и ваяния.
Воспоминания современников Левитана
-- его близких друзей, коллег по цеху --
дополняют издание. В воспоминаниях и
письмах Левитан предстает не как
маститый художник, не только как
патриот, воспевающий неповторимый
русский пейзаж, а как человек со
своими горестями и радостями, любящий
охоту, хорошую компанию и жизнь на
природе. Левитан много путешествовал,
бывал в Италии, Франции, где
познакомился с работами великих
живописцев, особенно любимых им
импрессионистов, в Финляндии, а позже,
по состоянию здоровья, в Германии.
Левитан вступил в Товарищество
передвижников и участвовал в их
выставках. Его картины
экспонировались в России и на
Всемирной выставке в Париже. Сейчас
большая часть полотен И. И. Левитана
хранится в Третьяковской галерее в
Москве, несколько картин есть и в
Русском музее в Санкт-Петербурге.";"2015. Мяг. € 7.38";6437258;Воспоминания
30230;;"Ангел смерти ";"Ирина Одоевцева - одна из самых
необычных фигур в русской литературе.
Поэт, прозаик, мемуарист, автор
будущих легендарных воспоминаний ""На
берегах Невы"" и ""На берегах Сены"", она в
самом начале творческого пути
обратила на себя внимание маститых и
знаменитых писателей. Одоевцева была
любимой ученицей Гумилева, ею
восхищались Горький, Чуковский и даже
Лев Троцкий. В эмиграции Одоевцева
сразу заставила заговорить о себе -
уже первый ее роман ""Ангел смерти""
вызвал несомненный интерес и у
читателей, и у собратьев по перу. Это
история о девочке-подростке, еще не
расставшейся с детством, но
догадывающейся о том, что ждет
впереди, история ее души, ее
противоречивых желаний и мыслей.
После публикации ""Ангела смерти"" в
зарубежной прессе писали: ""Это роман
юности, полный снов, ужаса, очарования,
редкой прелести. Он легок и в то же
время чрезвычайно содержателен...
Одоевцева создала вещь незабываемой
красоты"".";"2015. Мяг. € 7.38";6437259;"Русская литература"
30231;;"Одесский дневник ";"В настоящее издание вошли избранные
автобиографические сочинения
классика русской литературы Ивана
Алексеевича Бунина. Это заметки,
отрывки из записных книжек, ""Одесский
дневник"", в котором излагаются события
осени 1905 года, хроника нобелевских
дней и текст речи, произнесенной
Буниным при вручении самой престижной
литературной премии, а также эссе,
озаглавленное автором ""Как я пишу"" и
раскрывающее секреты литературного
мастерства. Эти материалы охватывают
годы, прожитые Буниным в России, а
также период эмиграции и являются
бесценным источником неизвестных
широкому читателю фактов и
подробностей о жизни и творчестве
великого прозаика.";"2015. Мяг. € 7.38";6437260;Воспоминания
